Artist,Stage Name,Host Name,Timeslot,Date,Year,Day,Weekend,Genre(s)
DJ Mars,The Gathering,The Gathering hosted by MC Gunner,13:30 - 14:15,18 July,2024,Thursday,Weekend 1,
Bosart,The Gathering,The Gathering hosted by MC Gunner,14:15 - 15:00,18 July,2024,Thursday,Weekend 1,
Dietro,The Gathering,The Gathering hosted by MC Gunner,15:00 - 15:45,18 July,2024,Thursday,Weekend 1,
Voltage,The Gathering,The Gathering hosted by MC Gunner,15:45 - 16:30,18 July,2024,Thursday,Weekend 1,
Elfigo,The Gathering,The Gathering hosted by MC Gunner,16:30 - 17:15,18 July,2024,Thursday,Weekend 1,
>rthur Lewis ft. Gerben Tuerlinckx,The Gathering,The Gathering hosted by MC Gunner,17:15 - 18:00,18 July,2024,Thursday,Weekend 1,
Nina Black,The Gathering,The Gathering hosted by MC Gunner,18:00 - 18:45,18 July,2024,Thursday,Weekend 1,Techno
Michael Amani,The Gathering,The Gathering hosted by MC Gunner,18:45 - 19:30,18 July,2024,Thursday,Weekend 1,"House, Techno"
The Oddword,The Gathering,The Gathering hosted by MC Gunner,19:30 - 20:15,18 July,2024,Thursday,Weekend 1,
Andromedik,The Gathering,The Gathering hosted by MC Gunner,20:15 - 20:45,18 July,2024,Thursday,Weekend 1,Drum & Bass
Mandy,The Gathering,The Gathering hosted by MC Gunner,20:45 - 21:15,18 July,2024,Thursday,Weekend 1,Hard Dance
Surprise,The Gathering,The Gathering hosted by MC Gunner,21:15 - 22:00,18 July,2024,Thursday,Weekend 1,TBA
Surprise,The Gathering,The Gathering hosted by MC Gunner,22:00 - 22:45,18 July,2024,Thursday,Weekend 1,TBA
Surprise,The Gathering,The Gathering hosted by MC Gunner,22:45 - 23:30,18 July,2024,Thursday,Weekend 1,TBA
Surprise,The Gathering,The Gathering hosted by MC Gunner,23:30 - 00:00,18 July,2024,Thursday,Weekend 1,TBA
Unsyn,Cage,Footworxx,12:00 - 13:00,19 July,2024,Friday,Weekend 1,
Rayzen,Cage,Footworxx,13:00 - 14:00,19 July,2024,Friday,Weekend 1,Hardcore
K1 & Aradia,Cage,Footworxx,14:00 - 15:00,19 July,2024,Friday,Weekend 1,
Hyperverb,Cage,Footworxx,15:00 - 16:00,19 July,2024,Friday,Weekend 1,
Footworxx Militant Crew,Cage,Footworxx,16:00 - 17:00,19 July,2024,Friday,Weekend 1,
Sakyra,Cage,Footworxx,17:00 - 18:00,19 July,2024,Friday,Weekend 1,Hardcore
HYSTA,Cage,Footworxx,18:00 - 19:00,19 July,2024,Friday,Weekend 1,Hardcore
Vandal,Cage,Footworxx,19:00 - 20:00,19 July,2024,Friday,Weekend 1,
Billx,Cage,Footworxx,20:00 - 21:00,19 July,2024,Friday,Weekend 1,"Commercial Dance, Electronica"
Reflexx,Cage,Footworxx,21:00 - 22:00,19 July,2024,Friday,Weekend 1,
Unicorn on K,Cage,Footworxx,22:00 - 23:00,19 July,2024,Friday,Weekend 1,
Juwlz,Freedom,Freedom by Bud,12:00 - 14:00,19 July,2024,Friday,Weekend 1,
Maxim Lany,Freedom,Freedom by Bud,14:00 - 16:00,19 July,2024,Friday,Weekend 1,"House, Deep House"
Rose Ringed,Freedom,Freedom by Bud,16:00 - 17:30,19 July,2024,Friday,Weekend 1,
Agents Of Time (Live),Freedom,Freedom by Bud,17:30 - 19:00,19 July,2024,Friday,Weekend 1,Techno
Mau P,Freedom,Freedom by Bud,19:00 - 20:30,19 July,2024,Friday,Weekend 1,"Hip-Hop, Rap"
Mathame,Freedom,Freedom by Bud,20:30 - 22:00,19 July,2024,Friday,Weekend 1,Techno
Don Diablo,Freedom,Freedom by Bud,22:00 - 23:30,19 July,2024,Friday,Weekend 1,Progressive House
Hardwell,Freedom,Freedom by Bud,23:30 - 00:30,19 July,2024,Friday,Weekend 1,"Electro House, Progressive House"
Hawkeyes,House of Fortune,House of Fortune by JBL,13:00 - 14:00,19 July,2024,Friday,Weekend 1,
Yamo,House of Fortune,House of Fortune by JBL,14:00 - 15:00,19 July,2024,Friday,Weekend 1,"Electronic, Experimental"
Dave Lambert,House of Fortune,House of Fortune by JBL,15:00 - 16:00,19 July,2024,Friday,Weekend 1,Traditional House
Makasi,House of Fortune,House of Fortune by JBL,16:00 - 17:00,19 July,2024,Friday,Weekend 1,House
DJs From Mars,House of Fortune,House of Fortune by JBL,17:00 - 18:00,19 July,2024,Friday,Weekend 1,"Electro House, Progressive House"
Nicky Romero,House of Fortune,House of Fortune by JBL,18:00 - 19:00,19 July,2024,Friday,Weekend 1,Progressive House
Seth Hills,House of Fortune,House of Fortune by JBL,19:00 - 20:00,19 July,2024,Friday,Weekend 1,
Chico Rose,House of Fortune,House of Fortune by JBL,20:00 - 21:00,19 July,2024,Friday,Weekend 1,Future House
Henri PFR,House of Fortune,House of Fortune by JBL,21:00 - 22:00,19 July,2024,Friday,Weekend 1,"Commercial Dance, Electronica, Traditional House"
Kayu,Crystal Garden,Keinemusik presents,12:00 - 14:00,19 July,2024,Friday,Weekend 1,
Meera,Crystal Garden,Keinemusik presents,14:00 - 15:30,19 July,2024,Friday,Weekend 1,
Samm & Ajna,Crystal Garden,Keinemusik presents,15:30 - 17:00,19 July,2024,Friday,Weekend 1,
DBN Gogo,Crystal Garden,Keinemusik presents,17:00 - 18:30,19 July,2024,Friday,Weekend 1,
Alan Dixon,Crystal Garden,Keinemusik presents,18:30 - 20:00,19 July,2024,Friday,Weekend 1,
WhoMadeWho,Crystal Garden,Keinemusik presents,20:00 - 21:30,19 July,2024,Friday,Weekend 1,Commercial Dance
"Keinemusik (&ME, Adam Port, Rampa)",Crystal Garden,Keinemusik presents,21:30 - 00:30,19 July,2024,Friday,Weekend 1,
Q DANCE End show,Library,Library,0:35 - 01:00,19 July,2024,Friday,Weekend 1,
Dolores,Library,Library,12:00 - 13:00,19 July,2024,Friday,Weekend 1,
Reygel,Library,Library,13:00 - 14:00,19 July,2024,Friday,Weekend 1,"Electronic, Dance"
Whisnu Santika,Library,Library,14:00 - 15:00,19 July,2024,Friday,Weekend 1,
Kris Kross Amsterdam,Library,Library,15:00 - 16:00,19 July,2024,Friday,Weekend 1,"Electronic, Pop"
Henri PFR,Library,Library,16:00 - 17:00,19 July,2024,Friday,Weekend 1,"Commercial Dance, Electronica, Traditional House"
Trinix,Library,Library,17:00 - 18:00,19 July,2024,Friday,Weekend 1,
B Jones,Library,Library,18:00 - 19:00,19 July,2024,Friday,Weekend 1,"Dance, Electronic, Hip-Hop, Rap"
Regi & Mark With a K,Library,Library,19:00 - 20:00,19 July,2024,Friday,Weekend 1,
Maddix,Library,Library,20:00 - 21:00,19 July,2024,Friday,Weekend 1,
Nervo,Library,Library,21:00 - 22:00,19 July,2024,Friday,Weekend 1,"Electro House, Progressive House"
Nicky Romero,Library,Library,22:00 - 23:00,19 July,2024,Friday,Weekend 1,Progressive House
Sound Rush,Library,Library,23:00 - 23:50,19 July,2024,Friday,Weekend 1,Hardstyle
Ran-D,Library,Library,23:50 - 00:35,19 July,2024,Friday,Weekend 1,Hardcore Techno
Daybreak Session: Oliver Heldens,Mainstage,Mainstage,12:00 - 14:30,19 July,2024,Friday,Weekend 1,
Miss Monique,Mainstage,Mainstage,14:30 - 15:30,19 July,2024,Friday,Weekend 1,
Öwnboss,Mainstage,Mainstage,15:30 - 16:30,19 July,2024,Friday,Weekend 1,Electronic Dance Music (EDM)
W&W,Mainstage,Mainstage,16:30 - 17:30,19 July,2024,Friday,Weekend 1,Trance
Vintage Culture,Mainstage,Mainstage,17:35 - 18:35,19 July,2024,Friday,Weekend 1,"Commercial Dance, Electro House, Electronica, Traditional House"
Da Tweekaz,Mainstage,Mainstage,18:40 - 19:40,19 July,2024,Friday,Weekend 1,Hardcore Techno
John Newman,Mainstage,Mainstage,19:40 - 20:40,19 July,2024,Friday,Weekend 1,Commercial Dance
Netsky,Mainstage,Mainstage,20:40 - 21:40,19 July,2024,Friday,Weekend 1,Drum & Bass
Kölsch,Mainstage,Mainstage,21:45 - 22:45,19 July,2024,Friday,Weekend 1,Commercial Dance
Swedish House Mafia,Mainstage,Mainstage,22:50 - 23:50,19 July,2024,Friday,Weekend 1,Progressive House
Armin van Buuren,Mainstage,Mainstage,23:50 - 00:50,19 July,2024,Friday,Weekend 1,Trance
Guilini,Elixir,Mangrove,13:00 - 14:30,19 July,2024,Friday,Weekend 1,
C-Track,Elixir,Mangrove,14:30 - 16:00,19 July,2024,Friday,Weekend 1,
Jaël Ost & MagiK,Elixir,Mangrove,16:00 - 17:00,19 July,2024,Friday,Weekend 1,
Rick & James 80’s Party,Elixir,Mangrove,17:00 - 18:00,19 July,2024,Friday,Weekend 1,"Pop, Rock"
Nina Black,Elixir,Mangrove,18:00 - 19:00,19 July,2024,Friday,Weekend 1,Techno
STUK,Elixir,Mangrove,19:00 - 20:00,19 July,2024,Friday,Weekend 1,
Eagl,Elixir,Mangrove,20:00 - 21:00,19 July,2024,Friday,Weekend 1,Techno
Jamie Lee Six & Louis XIV,Elixir,Mangrove,21:00 - 22:00,19 July,2024,Friday,Weekend 1,
Audiowave & MC Rim,Elixir,Mangrove,22:00 - 23:30,19 July,2024,Friday,Weekend 1,
Kamal Bankay,Elixir,Mangrove,23:30 - 01:00,19 July,2024,Friday,Weekend 1,Unknown
DJ Gerrit,Moosebar,Moosebar,12:00 - 13:00,19 July,2024,Friday,Weekend 1,
Funktastix,Moosebar,Moosebar,13:00 - 14:00,19 July,2024,Friday,Weekend 1,
Gebroeders KO,Moosebar,Moosebar,14:00 - 15:00,19 July,2024,Friday,Weekend 1,
Thierry VonderWarth,Moosebar,Moosebar,15:00 - 16:00,19 July,2024,Friday,Weekend 1,"Electronic, Techno"
Blanko & ATMOS,Rose Garden,Rampage,13:00 - 14:00,19 July,2024,Friday,Weekend 1,
Kara,Rose Garden,Rampage,14:00 - 15:00,19 July,2024,Friday,Weekend 1,
Georgie Riot & Captain Bass,Rose Garden,Rampage,15:00 - 16:00,19 July,2024,Friday,Weekend 1,
Tisoki & Oliverse,Rose Garden,Rampage,16:00 - 17:00,19 July,2024,Friday,Weekend 1,
SOTA,Rose Garden,Rampage,17:00 - 18:00,19 July,2024,Friday,Weekend 1,
Vampa,Rose Garden,Rampage,18:00 - 19:00,19 July,2024,Friday,Weekend 1,
Murdock,Rose Garden,Rampage,19:00 - 20:00,19 July,2024,Friday,Weekend 1,Drum & Bass
ATLiens,Rose Garden,Rampage,20:00 - 21:00,19 July,2024,Friday,Weekend 1,Dubstep
Friction,Rose Garden,Rampage,21:00 - 22:00,19 July,2024,Friday,Weekend 1,Drum & Bass
USED,Rose Garden,Rampage,22:00 - 23:00,19 July,2024,Friday,Weekend 1,"Hardstyle, Rawstyle"
Wilkinson,Rose Garden,Rampage,23:00 - 00:00,19 July,2024,Friday,Weekend 1,Drum & Bass
Const.,Rave Cave,Rave Cave,13:00 - 15:00,19 July,2024,Friday,Weekend 1,
Nightcrow,Rave Cave,Rave Cave,15:00 - 16:00,19 July,2024,Friday,Weekend 1,
Kimman,Rave Cave,Rave Cave,16:00 - 17:30,19 July,2024,Friday,Weekend 1,
Mell Tierra,Rave Cave,Rave Cave,17:30 - 19:00,19 July,2024,Friday,Weekend 1,
Ben Malone,Rave Cave,Rave Cave,19:00 - 20:30,19 July,2024,Friday,Weekend 1,"Electronic, Dance, House"
Justin Wilkes,Rave Cave,Rave Cave,20:30 - 22:00,19 July,2024,Friday,Weekend 1,"Electronic, Dance, House"
Jana Vitiligo,Rave Cave,Rave Cave,22:00 - 23:00,19 July,2024,Friday,Weekend 1,
Dre Guazzelli,Rave Cave,Rave Cave,23:00 - 00:00,19 July,2024,Friday,Weekend 1,
DJ Daan,Rise,Rise by Coke Studio,12:30 - 14:00,19 July,2024,Friday,Weekend 1,
Alfred Beck,Rise,Rise by Coke Studio,14:00 - 15:00,19 July,2024,Friday,Weekend 1,
Giuseppe Ottaviani,Rise,Rise by Coke Studio,15:00 - 16:00,19 July,2024,Friday,Weekend 1,Trance
Xijaro & Pitch,Rise,Rise by Coke Studio,16:00 - 17:00,19 July,2024,Friday,Weekend 1,
Ruben de Ronde,Rise,Rise by Coke Studio,17:00 - 18:00,19 July,2024,Friday,Weekend 1,"Progressive House, Trance"
Nifra,Rise,Rise by Coke Studio,18:00 - 19:30,19 July,2024,Friday,Weekend 1,Trance
Aaron Hibell,Rise,Rise by Coke Studio,19:30 - 21:00,19 July,2024,Friday,Weekend 1,
Cosmic Gate,Rise,Rise by Coke Studio,21:00 - 22:30,19 July,2024,Friday,Weekend 1,"Progressive House, Trance"
Aly & Fila,Rise,Rise by Coke Studio,22:30 - 00:00,19 July,2024,Friday,Weekend 1,Trance
A Local Hero,Core,Sulta Selects,12:30 - 14:30,19 July,2024,Friday,Weekend 1,"Electronic, Dance"
Piaggio Disco Club,Core,Sulta Selects,14:30 - 16:00,19 July,2024,Friday,Weekend 1,
Desiree,Core,Sulta Selects,16:00 - 17:30,19 July,2024,Friday,Weekend 1,
Shanti Celeste,Core,Sulta Selects,17:30 - 19:00,19 July,2024,Friday,Weekend 1,"Deep House, Techno, Techno"
DJ Heartstring,Core,Sulta Selects,19:00 - 21:00,19 July,2024,Friday,Weekend 1,
Bashkka,Core,Sulta Selects,21:00 - 23:00,19 July,2024,Friday,Weekend 1,
Denis Sulta,Core,Sulta Selects,23:00 - 01:00,19 July,2024,Friday,Weekend 1,"Electronica, Hip-Hop, Techno"
KEVIN KOFII,Planaxis,Sunnery James & Ryan Marciano present Amazone project,12:00 - 14:00,19 July,2024,Friday,Weekend 1,House
Novak,Planaxis,Sunnery James & Ryan Marciano present Amazone project,14:00 - 16:00,19 July,2024,Friday,Weekend 1,
Philou Louzolo,Planaxis,Sunnery James & Ryan Marciano present Amazone project,16:00 - 17:30,19 July,2024,Friday,Weekend 1,Electronic
Calussa,Planaxis,Sunnery James & Ryan Marciano present Amazone project,17:30 - 19:00,19 July,2024,Friday,Weekend 1,
Hugel,Planaxis,Sunnery James & Ryan Marciano present Amazone project,19:00 - 20:30,19 July,2024,Friday,Weekend 1,Big Room House
Amémé,Planaxis,Sunnery James & Ryan Marciano present Amazone project,20:30 - 22:00,19 July,2024,Friday,Weekend 1,"House, Techno"
Sunnery James & Ryan Marciano,Planaxis,Sunnery James & Ryan Marciano present Amazone project,22:00 - 23:00,19 July,2024,Friday,Weekend 1,Electro House
Sunnery James & Ryan Marciano b2b Philou Louzolo b2b Amémé,Planaxis,Sunnery James & Ryan Marciano present Amazone project,23:00 - 00:00,19 July,2024,Friday,Weekend 1,
BYØRN,Atmosphere,Teletech,12:00 - 13:30,19 July,2024,Friday,Weekend 1,
Novah,Atmosphere,Teletech,13:30 - 15:00,19 July,2024,Friday,Weekend 1,"Techno, Melodic Techno"
LESSSS,Atmosphere,Teletech,15:00 - 16:30,19 July,2024,Friday,Weekend 1,
VIDO,Atmosphere,Teletech,16:30 - 17:30,19 July,2024,Friday,Weekend 1,
Azyr,Atmosphere,Teletech,17:30 - 19:00,19 July,2024,Friday,Weekend 1,
Trym,Atmosphere,Teletech,19:00 - 20:30,19 July,2024,Friday,Weekend 1,
Sara Landry,Atmosphere,Teletech,20:30 - 22:00,19 July,2024,Friday,Weekend 1,Tech House
Oguz,Atmosphere,Teletech,22:00 - 23:30,19 July,2024,Friday,Weekend 1,Techno
Dyen,Atmosphere,Teletech,23:30 - 00:55,19 July,2024,Friday,Weekend 1,
Poleen,Casa Corona,Terra Solis,12:00 - 13:30,19 July,2024,Friday,Weekend 1,
NSI,Casa Corona,Terra Solis,13:30 - 15:00,19 July,2024,Friday,Weekend 1,
John Bowtie,Casa Corona,Terra Solis,15:00 - 16:30,19 July,2024,Friday,Weekend 1,
Stasi Sanlin,Casa Corona,Terra Solis,16:30 - 18:00,19 July,2024,Friday,Weekend 1,
Arado,Casa Corona,Terra Solis,18:00 - 19:30,19 July,2024,Friday,Weekend 1,Commercial Dance
Afshin Momadi,Casa Corona,Terra Solis,19:30 - 21:00,19 July,2024,Friday,Weekend 1,
Birds Of Mind,Casa Corona,Terra Solis,21:00 - 22:30,19 July,2024,Friday,Weekend 1,
Ann Clue,Casa Corona,Terra Solis,22:30 - 00:00,19 July,2024,Friday,Weekend 1,"Techno, Minimal, Tech House"
VTSS,Atmosphere,Andromedik Invites,0:00 - 00:55,20 July,2024,Saturday,Weekend 1,Techno
DJ Archie,Atmosphere,Andromedik Invites,12:00 - 13:00,20 July,2024,Saturday,Weekend 1,
Merow,Atmosphere,Andromedik Invites,13:00 - 14:00,20 July,2024,Saturday,Weekend 1,Techno
Basstripper b2b Primate,Atmosphere,Andromedik Invites,14:00 - 15:00,20 July,2024,Saturday,Weekend 1,
Harriet Jaxxon,Atmosphere,Andromedik Invites,15:00 - 16:00,20 July,2024,Saturday,Weekend 1,
MONTELL2099,Atmosphere,Andromedik Invites,16:00 - 17:00,20 July,2024,Saturday,Weekend 1,Trap
Koven,Atmosphere,Andromedik Invites,17:00 - 18:00,20 July,2024,Saturday,Weekend 1,Drum & Bass
Grafix,Atmosphere,Andromedik Invites,18:00 - 19:00,20 July,2024,Saturday,Weekend 1,Drum & Bass
Kanine,Atmosphere,Andromedik Invites,19:00 - 20:00,20 July,2024,Saturday,Weekend 1,Drum and Bass
Luude,Atmosphere,Andromedik Invites,20:00 - 21:00,20 July,2024,Saturday,Weekend 1,
Charlie Tee b2b Lens,Atmosphere,Andromedik Invites,21:00 - 22:00,20 July,2024,Saturday,Weekend 1,
Andromedik,Atmosphere,Andromedik Invites,22:00 - 23:00,20 July,2024,Saturday,Weekend 1,Drum & Bass
Dimension,Atmosphere,Andromedik Invites,23:00 - 00:00,20 July,2024,Saturday,Weekend 1,
Bonobo b2b Dixon,Core,Bonobo Outlier,0:00 - 01:00,20 July,2024,Saturday,Weekend 1,
Milan Evens,Core,Bonobo Outlier,12:30 - 14:30,20 July,2024,Saturday,Weekend 1,
Cellini,Core,Bonobo Outlier,14:30 - 16:00,20 July,2024,Saturday,Weekend 1,Techno
Dino Lenny,Core,Bonobo Outlier,16:00 - 18:00,20 July,2024,Saturday,Weekend 1,"Commercial Dance, Electronica, Progressive House, Techno, Traditional House"
Elkka,Core,Bonobo Outlier,18:00 - 20:00,20 July,2024,Saturday,Weekend 1,
TSHA,Core,Bonobo Outlier,20:00 - 22:00,20 July,2024,Saturday,Weekend 1,
Bonobo,Core,Bonobo Outlier,22:00 - 23:00,20 July,2024,Saturday,Weekend 1,Electronica
Dixon,Core,Bonobo Outlier,23:00 - 00:00,20 July,2024,Saturday,Weekend 1,Techno
Rumix,Rose Garden,Bonzai,13:00 - 14:00,20 July,2024,Saturday,Weekend 1,
Neall,Rose Garden,Bonzai,14:00 - 15:00,20 July,2024,Saturday,Weekend 1,
Nico Parisi,Rose Garden,Bonzai,15:00 - 16:00,20 July,2024,Saturday,Weekend 1,Progressive House
Anonymize,Rose Garden,Bonzai,16:00 - 17:30,20 July,2024,Saturday,Weekend 1,"Techno, Minimal, Electronic"
Jens Lissat,Rose Garden,Bonzai,17:30 - 18:30,20 July,2024,Saturday,Weekend 1,"Techno, Tech House"
Franky Jones,Rose Garden,Bonzai,18:30 - 19:30,20 July,2024,Saturday,Weekend 1,"Techno, Acid"
DJ Ghost,Rose Garden,Bonzai,19:30 - 20:30,20 July,2024,Saturday,Weekend 1,"Hard Trance, Techno"
Furax,Rose Garden,Bonzai,20:30 - 21:30,20 July,2024,Saturday,Weekend 1,"Hardcore Techno, Traditional House"
Franky Kloeck,Rose Garden,Bonzai,21:30 - 22:30,20 July,2024,Saturday,Weekend 1,"Techno, Hard Trance"
Push,Rose Garden,Bonzai,22:30 - 23:30,20 July,2024,Saturday,Weekend 1,"Trance, Progressive House"
Bonzai All Stars,Rose Garden,Bonzai,23:30 - 01:00,20 July,2024,Saturday,Weekend 1,"Techno, Trance"
Two/Three,Cage,Cage,12:00 - 13:30,20 July,2024,Saturday,Weekend 1,
YULI ANA,Cage,Cage,13:30 - 15:00,20 July,2024,Saturday,Weekend 1,
MCR-T,Cage,Cage,15:00 - 16:30,20 July,2024,Saturday,Weekend 1,
Parkerstrange,Cage,Cage,16:30 - 18:00,20 July,2024,Saturday,Weekend 1,
Klaudia Gawlas,Cage,Cage,18:00 - 19:30,20 July,2024,Saturday,Weekend 1,"Electronic, Techno"
Parfait & Charlie Sparks,Cage,Cage,19:30 - 21:30,20 July,2024,Saturday,Weekend 1,
Callush,Cage,Cage,21:30 - 23:00,20 July,2024,Saturday,Weekend 1,
Yo-ki,Rave Cave,Crystal,13:00 - 14:00,20 July,2024,Saturday,Weekend 1,
Kaspa,Rave Cave,Crystal,14:00 - 15:00,20 July,2024,Saturday,Weekend 1,
Brits & Boen,Rave Cave,Crystal,15:00 - 16:00,20 July,2024,Saturday,Weekend 1,
Los Bomberos,Rave Cave,Crystal,16:00 - 17:30,20 July,2024,Saturday,Weekend 1,Latin House
Schuurrallures,Rave Cave,Crystal,17:30 - 19:00,20 July,2024,Saturday,Weekend 1,
Bobby & Djenko,Rave Cave,Crystal,19:00 - 20:30,20 July,2024,Saturday,Weekend 1,
Monta,Rave Cave,Crystal,20:30 - 22:00,20 July,2024,Saturday,Weekend 1,Electronic
Deuxfwa,Rave Cave,Crystal,22:00 - 23:30,20 July,2024,Saturday,Weekend 1,Electronic
White Noise,Rave Cave,Crystal,23:30 - 01:00,20 July,2024,Saturday,Weekend 1,
Neon,Crystal Garden,Crystal Garden,12:00 - 15:00,20 July,2024,Saturday,Weekend 1,Electronic
Antdot,Crystal Garden,Crystal Garden,15:00 - 17:00,20 July,2024,Saturday,Weekend 1,
Alex Wann,Crystal Garden,Crystal Garden,17:00 - 18:30,20 July,2024,Saturday,Weekend 1,
Dom Dolla,Crystal Garden,Crystal Garden,18:30 - 20:30,20 July,2024,Saturday,Weekend 1,"Future House, Electro House, Funky House"
Solomun b2b Four Tet,Crystal Garden,Crystal Garden,20:30 - 00:30,20 July,2024,Saturday,Weekend 1,
Kenn Colt,Freedom,Freedom by Bud,12:00 - 14:00,20 July,2024,Saturday,Weekend 1,"Electro House, Progressive House"
Stephine B,Freedom,Freedom by Bud,14:00 - 15:00,20 July,2024,Saturday,Weekend 1,
Kryder,Freedom,Freedom by Bud,15:00 - 16:00,20 July,2024,Saturday,Weekend 1,"Progressive House, Tech House"
PARISI (live),Freedom,Freedom by Bud,16:00 - 17:00,20 July,2024,Saturday,Weekend 1,
Symphony of Unity,Freedom,Freedom by Bud,17:00 - 18:00,20 July,2024,Saturday,Weekend 1,"Classical, Orchestral"
Salvatore Ganacci,Freedom,Freedom by Bud,18:00 - 19:00,20 July,2024,Saturday,Weekend 1,"Electro House, Big Room, Pop House"
Sebastian Ingrosso & Steve Angello,Freedom,Freedom by Bud,19:00 - 21:00,20 July,2024,Saturday,Weekend 1,
MORTEN,Freedom,Freedom by Bud,21:00 - 22:40,20 July,2024,Saturday,Weekend 1,"Commercial Dance, Dubstep"
REZZMAU5,Freedom,Freedom by Bud,22:40 - 00:00,20 July,2024,Saturday,Weekend 1,
TBA,Rise,Glitterbox,12:30 - 14:00,20 July,2024,Saturday,Weekend 1,TBA
Juul Pence,Rise,Glitterbox,14:00 - 15:30,20 July,2024,Saturday,Weekend 1,
Aline Rocha,Rise,Glitterbox,15:30 - 17:00,20 July,2024,Saturday,Weekend 1,
Melon Bomb,Rise,Glitterbox,17:00 - 18:30,20 July,2024,Saturday,Weekend 1,
Melvo Baptiste,Rise,Glitterbox,18:30 - 20:30,20 July,2024,Saturday,Weekend 1,Electronic/Dance
Jayda G,Rise,Glitterbox,20:30 - 22:30,20 July,2024,Saturday,Weekend 1,"Deep House, Disco"
Jellybean Benitez,Rise,Glitterbox,22:30 - 00:00,20 July,2024,Saturday,Weekend 1,House
Alexander Merlin,House of Fortune,House of Fortune by JBL,13:00 - 14:00,20 July,2024,Saturday,Weekend 1,
Loulou Players,House of Fortune,House of Fortune by JBL,14:00 - 15:00,20 July,2024,Saturday,Weekend 1,Electro House
TBA,House of Fortune,House of Fortune by JBL,15:00 - 16:00,20 July,2024,Saturday,Weekend 1,TBA
Manuals,House of Fortune,House of Fortune by JBL,16:00 - 17:00,20 July,2024,Saturday,Weekend 1,
MORTEN,House of Fortune,House of Fortune by JBL,17:00 - 18:00,20 July,2024,Saturday,Weekend 1,"Commercial Dance, Dubstep"
Cat Dealers,House of Fortune,House of Fortune by JBL,18:00 - 19:00,20 July,2024,Saturday,Weekend 1,"Commercial Dance, Electronica, Traditional House"
Goodboys,House of Fortune,House of Fortune by JBL,20:00 - 21:00,20 July,2024,Saturday,Weekend 1,House
Kryder,House of Fortune,House of Fortune by JBL,21:00 - 22:00,20 July,2024,Saturday,Weekend 1,"Progressive House, Tech House"
Sub Focus & ID,Library,Library,0:00 - 00:55,20 July,2024,Saturday,Weekend 1,
Sam Oui,Library,Library,13:00 - 14:00,20 July,2024,Saturday,Weekend 1,
Lavern,Library,Library,14:00 - 15:00,20 July,2024,Saturday,Weekend 1,
Pretty Pink,Library,Library,15:00 - 16:00,20 July,2024,Saturday,Weekend 1,Electro House
Marten Hørger,Library,Library,16:00 - 17:00,20 July,2024,Saturday,Weekend 1,Commercial Dance
Azteck,Library,Library,17:00 - 18:00,20 July,2024,Saturday,Weekend 1,
Odd Mob,Library,Library,18:00 - 19:00,20 July,2024,Saturday,Weekend 1,
Gryffin,Library,Library,19:00 - 20:00,20 July,2024,Saturday,Weekend 1,"Electronica, Hard Dance, Traditional House"
Acraze,Library,Library,20:00 - 21:00,20 July,2024,Saturday,Weekend 1,Dubstep
Kungs,Library,Library,21:00 - 22:00,20 July,2024,Saturday,Weekend 1,"Tech House, Traditional House"
Lost Frequencies,Library,Library,22:00 - 23:00,20 July,2024,Saturday,Weekend 1,"Electro House, Electronica, Traditional House"
Claptone,Library,Library,23:00 - 00:00,20 July,2024,Saturday,Weekend 1,"Electro House, Tech House, Techno, Traditional House"
Daybreak Session: Laidback Luke presents Wayback Luke,Mainstage,Mainstage,12:00 - 14:30,20 July,2024,Saturday,Weekend 1,House
Cat Dealers,Mainstage,Mainstage,14:30 - 15:30,20 July,2024,Saturday,Weekend 1,"Commercial Dance, Electronica, Traditional House"
Goodboys,Mainstage,Mainstage,15:30 - 16:30,20 July,2024,Saturday,Weekend 1,House
Eliza Rose,Mainstage,Mainstage,16:30 - 17:30,20 July,2024,Saturday,Weekend 1,
Yves V,Mainstage,Mainstage,17:35 - 18:35,20 July,2024,Saturday,Weekend 1,Progressive House
MANDY,Mainstage,Mainstage,18:40 - 19:40,20 July,2024,Saturday,Weekend 1,Hard Dance
Amelie Lens,Mainstage,Mainstage,19:40 - 20:40,20 July,2024,Saturday,Weekend 1,"Electronica, Techno, Trance"
Alok,Mainstage,Mainstage,20:40 - 21:40,20 July,2024,Saturday,Weekend 1,Commercial Dance
Anyma,Mainstage,Mainstage,21:45 - 22:45,20 July,2024,Saturday,Weekend 1,"Melodic House & Techno, Progressive House"
Dimitri Vegas & Like Mike,Mainstage,Mainstage,22:50 - 23:50,20 July,2024,Saturday,Weekend 1,Electro House
Timmy Trumpet,Mainstage,Mainstage,23:50 - 00:50,20 July,2024,Saturday,Weekend 1,Progressive House
Naomi Cazier,Casa Corona,Melodia by Casa Corona,12:00 - 13:30,20 July,2024,Saturday,Weekend 1,
DJ Señor Funk,Casa Corona,Melodia by Casa Corona,13:30 - 15:00,20 July,2024,Saturday,Weekend 1,
Nothing But Funk,Casa Corona,Melodia by Casa Corona,15:00 - 16:30,20 July,2024,Saturday,Weekend 1,
Moska,Casa Corona,Melodia by Casa Corona,16:30 - 18:00,20 July,2024,Saturday,Weekend 1,Commercial Dance
Yero,Casa Corona,Melodia by Casa Corona,18:00 - 19:30,20 July,2024,Saturday,Weekend 1,
Lou8,Casa Corona,Melodia by Casa Corona,19:30 - 21:30,20 July,2024,Saturday,Weekend 1,"Electronic, Dance, House"
Ewave,Casa Corona,Melodia by Casa Corona,21:30 - 23:00,20 July,2024,Saturday,Weekend 1,
Raphi,Casa Corona,Melodia by Casa Corona,23:00 - 00:00,20 July,2024,Saturday,Weekend 1,
Funkhauser,Moosebar,Moosebar,12:00 - 13:00,20 July,2024,Saturday,Weekend 1,"Electronic, Dance"
Jerrooo,Moosebar,Moosebar,13:00 - 14:00,20 July,2024,Saturday,Weekend 1,
Milano,Moosebar,Moosebar,14:00 - 15:00,20 July,2024,Saturday,Weekend 1,"Electronic, Dance"
Natalia,Moosebar,Moosebar,15:00 - 16:00,20 July,2024,Saturday,Weekend 1,
Nick Bril,Planaxis,Planaxis,12:00 - 14:00,20 July,2024,Saturday,Weekend 1,"House, Techno"
Collé,Planaxis,Planaxis,14:00 - 16:00,20 July,2024,Saturday,Weekend 1,"Progressive House, Techno"
Capoon,Planaxis,Planaxis,16:00 - 17:30,20 July,2024,Saturday,Weekend 1,Techno
Mahmut Orhan,Planaxis,Planaxis,17:30 - 19:00,20 July,2024,Saturday,Weekend 1,
Brina Knauss,Planaxis,Planaxis,19:00 - 20:30,20 July,2024,Saturday,Weekend 1,Techno
Fideles,Planaxis,Planaxis,20:30 - 22:00,20 July,2024,Saturday,Weekend 1,"Techno, Techno"
Mind Against,Planaxis,Planaxis,22:00 - 00:00,20 July,2024,Saturday,Weekend 1,Commercial Dance
Tobi Trekhaak,Elixir,RADS,13:00 - 14:00,20 July,2024,Saturday,Weekend 1,
Hollaback Soundystem,Elixir,RADS,14:00 - 15:30,20 July,2024,Saturday,Weekend 1,
DOEMP,Elixir,RADS,15:30 - 17:00,20 July,2024,Saturday,Weekend 1,
Mariah Curry,Elixir,RADS,17:00 - 18:30,20 July,2024,Saturday,Weekend 1,
Olsan Twins,Elixir,RADS,18:30 - 20:00,20 July,2024,Saturday,Weekend 1,
Discobaar A Moeder,Elixir,RADS,20:00 - 21:30,20 July,2024,Saturday,Weekend 1,Dance
Gomorris,Elixir,RADS,21:30 - 23:30,20 July,2024,Saturday,Weekend 1,
Kiësto,Elixir,RADS,23:30 - 01:00,20 July,2024,Saturday,Weekend 1,
X-TOF,Planaxis,2010 - 2012,13:00 - 14:30,21 July,2024,Sunday,Weekend 1,Big Room House
The Oddword,Planaxis,2010 - 2012,14:30 - 16:00,21 July,2024,Sunday,Weekend 1,
Bingo Players,Planaxis,2010 - 2012,16:00 - 17:00,21 July,2024,Sunday,Weekend 1,Progressive House
Jay Hardway,Planaxis,2010 - 2012,17:00 - 18:00,21 July,2024,Sunday,Weekend 1,Commercial Dance
Yves V,Planaxis,2010 - 2012,18:00 - 19:00,21 July,2024,Sunday,Weekend 1,Progressive House
Moguai,Planaxis,2010 - 2012,19:00 - 20:00,21 July,2024,Sunday,Weekend 1,"Electro House, Progressive House"
Dannic,Planaxis,2010 - 2012,20:00 - 21:00,21 July,2024,Sunday,Weekend 1,Progressive House
Chuckie,Planaxis,2010 - 2012,21:00 - 22:00,21 July,2024,Sunday,Weekend 1,Electro House
Blasterjaxx,Planaxis,2010 - 2012,22:00 - 23:00,21 July,2024,Sunday,Weekend 1,Commercial Dance
DVBBS,Planaxis,2010 - 2012,23:00 - 23:50,21 July,2024,Sunday,Weekend 1,Commercial Dance
Axel Haube,Freedom,Afterlife,12:00 - 14:00,21 July,2024,Sunday,Weekend 1,"Techno, Minimal Techno"
Olympe,Freedom,Afterlife,14:00 - 16:00,21 July,2024,Sunday,Weekend 1,"Pop, R&B"
Kasia,Freedom,Afterlife,16:00 - 17:30,21 July,2024,Sunday,Weekend 1,
Chris Avantgarde,Freedom,Afterlife,17:30 - 19:00,21 July,2024,Sunday,Weekend 1,
Kevin de Vries,Freedom,Afterlife,19:00 - 20:30,21 July,2024,Sunday,Weekend 1,"Techno, Tech Trance"
MRAK,Freedom,Afterlife,20:30 - 22:00,21 July,2024,Sunday,Weekend 1,
Tale Of Us,Freedom,Afterlife,22:00 - 23:30,21 July,2024,Sunday,Weekend 1,Tech House
re-type,Atmosphere,Amber Broos,12:00 - 13:00,21 July,2024,Sunday,Weekend 1,
Bermio,Atmosphere,Amber Broos,13:00 - 14:00,21 July,2024,Sunday,Weekend 1,
Mha Iri,Atmosphere,Amber Broos,14:00 - 15:00,21 July,2024,Sunday,Weekend 1,
Magnus (CJ Bolland & Tom Barman),Atmosphere,Amber Broos,15:00 - 16:00,21 July,2024,Sunday,Weekend 1,
Juliet Fox,Atmosphere,Amber Broos,16:00 - 17:00,21 July,2024,Sunday,Weekend 1,Tech House
The Subs,Atmosphere,Amber Broos,17:00 - 18:00,21 July,2024,Sunday,Weekend 1,Commercial Dance
Joyhauser,Atmosphere,Amber Broos,18:00 - 19:30,21 July,2024,Sunday,Weekend 1,"Commercial Dance, Electronica, Techno, Trance"
Amber Broos,Atmosphere,Amber Broos,19:30 - 21:30,21 July,2024,Sunday,Weekend 1,Techno
Patrick Mason,Atmosphere,Amber Broos,21:30 - 23:00,21 July,2024,Sunday,Weekend 1,"Trance, Progressive House"
HorsegiirL,Atmosphere,Amber Broos,23:00 - 23:55,21 July,2024,Sunday,Weekend 1,
TBA,Core,Core,13:00 - 14:30,21 July,2024,Sunday,Weekend 1,TBA
TBA,Core,Core,14:30 - 16:00,21 July,2024,Sunday,Weekend 1,TBA
Dana Montana,Core,Core,16:00 - 17:30,21 July,2024,Sunday,Weekend 1,"House, Techno"
fka.m4a,Core,Core,17:30 - 19:30,21 July,2024,Sunday,Weekend 1,
Krystal Klear,Core,Core,19:30 - 21:00,21 July,2024,Sunday,Weekend 1,"Tech House, Traditional House"
HAAi,Core,Core,21:00 - 22:30,21 July,2024,Sunday,Weekend 1,Electronic
The Blessed Madonna,Core,Core,22:30 - 00:00,21 July,2024,Sunday,Weekend 1,
TBA,House of Fortune,House of Fortune by JBL,13:00 - 14:00,21 July,2024,Sunday,Weekend 1,TBA
Lucca van Damme,House of Fortune,House of Fortune by JBL,14:00 - 15:00,21 July,2024,Sunday,Weekend 1,
Meaghan,House of Fortune,House of Fortune by JBL,15:00 - 16:00,21 July,2024,Sunday,Weekend 1,Electronic
Dubdogz,House of Fortune,House of Fortune by JBL,16:00 - 17:00,21 July,2024,Sunday,Weekend 1,Electronica
Bassjackers,House of Fortune,House of Fortune by JBL,17:00 - 18:00,21 July,2024,Sunday,Weekend 1,Electro House
Odd Mob,House of Fortune,House of Fortune by JBL,18:00 - 19:00,21 July,2024,Sunday,Weekend 1,
Tom & Collins,House of Fortune,House of Fortune by JBL,19:00 - 20:00,21 July,2024,Sunday,Weekend 1,"Electronica, Tech House, Traditional House"
Mariana Bo,House of Fortune,House of Fortune by JBL,20:00 - 21:00,21 July,2024,Sunday,Weekend 1,"Dubstep, Hard Dance, Hardcore Techno, Psychedelic Trance, Traditional House"
Andrei Stan,House of Fortune,House of Fortune by JBL,21:00 - 22:00,21 July,2024,Sunday,Weekend 1,
Siege,Crystal Garden,Label x Selected,12:00 - 13:30,21 July,2024,Sunday,Weekend 1,
Astrality,Crystal Garden,Label x Selected,13:30 - 15:00,21 July,2024,Sunday,Weekend 1,
Nu Aspect,Crystal Garden,Label x Selected,15:00 - 16:00,21 July,2024,Sunday,Weekend 1,
Korolova,Crystal Garden,Label x Selected,16:00 - 17:30,21 July,2024,Sunday,Weekend 1,Electronic
KREAM,Crystal Garden,Label x Selected,17:30 - 18:30,21 July,2024,Sunday,Weekend 1,"Electronica, Traditional House"
Jengi b2b Magician,Crystal Garden,Label x Selected,18:30 - 19:30,21 July,2024,Sunday,Weekend 1,
Ferreck Dawn,Crystal Garden,Label x Selected,19:30 - 21:00,21 July,2024,Sunday,Weekend 1,Commercial Dance
Meduza,Crystal Garden,Label x Selected,21:00 - 22:30,21 July,2024,Sunday,Weekend 1,House
James Hype,Crystal Garden,Label x Selected,22:30 - 23:30,21 July,2024,Sunday,Weekend 1,House
Daybreak Session: One World Radio Soundsystem,Mainstage,Mainstage,12:00 - 14:30,21 July,2024,Sunday,Weekend 1,
Franky Rizardo,Mainstage,Mainstage,14:30 - 15:30,21 July,2024,Sunday,Weekend 1,Commercial Dance
Yves Deruyter,Mainstage,Mainstage,15:30 - 16:30,21 July,2024,Sunday,Weekend 1,Trance
Omdat Het Kan & Average Rob,Mainstage,Mainstage,16:30 - 17:30,21 July,2024,Sunday,Weekend 1,
ANNA,Mainstage,Mainstage,17:35 - 18:35,21 July,2024,Sunday,Weekend 1,Techno
MATTN,Mainstage,Mainstage,18:40 - 19:40,21 July,2024,Sunday,Weekend 1,"Commercial Dance, Traditional House"
Adriatique,Mainstage,Mainstage,19:40 - 20:40,21 July,2024,Sunday,Weekend 1,"Electronica, Tech House, Techno"
Afrojack,Mainstage,Mainstage,20:40 - 21:40,21 July,2024,Sunday,Weekend 1,"Electro House, Progressive House"
Alesso,Mainstage,Mainstage,21:45 - 22:45,21 July,2024,Sunday,Weekend 1,Progressive House
3 Are Legend,Mainstage,Mainstage,22:50 - 23:50,21 July,2024,Sunday,Weekend 1,"Commercial Dance, Electro House, Electronica, Hard Dance, Techno"
DJ Robin,Moosebar,Moosebar,12:00 - 13:00,21 July,2024,Sunday,Weekend 1,
Frank Mellemans,Moosebar,Moosebar,13:00 - 14:00,21 July,2024,Sunday,Weekend 1,"Electronic, Dance"
Kurt Verheyen,Moosebar,Moosebar,14:00 - 15:00,21 July,2024,Sunday,Weekend 1,"Electronic, Dance, House"
Rino,Moosebar,Moosebar,15:00 - 16:00,21 July,2024,Sunday,Weekend 1,"Electronic, Dance"
Sisley & BenOneshot,Cage,One87 presents,13:00 - 14:00,21 July,2024,Sunday,Weekend 1,
Blanko & Marge,Cage,One87 presents,14:00 - 15:00,21 July,2024,Sunday,Weekend 1,
Boycot,Cage,One87 presents,15:00 - 16:00,21 July,2024,Sunday,Weekend 1,
Bredren,Cage,One87 presents,16:00 - 17:00,21 July,2024,Sunday,Weekend 1,
One87,Cage,One87 presents,17:00 - 18:00,21 July,2024,Sunday,Weekend 1,Drum & Bass
Nymfo,Cage,One87 presents,18:00 - 19:00,21 July,2024,Sunday,Weekend 1,Drum & Bass
ZeroZero,Cage,One87 presents,19:00 - 20:00,21 July,2024,Sunday,Weekend 1,
Kyrist,Cage,One87 presents,20:00 - 21:00,21 July,2024,Sunday,Weekend 1,
Alibi,Cage,One87 presents,21:00 - 22:00,21 July,2024,Sunday,Weekend 1,
James Marvel,Cage,One87 presents,22:00 - 23:00,21 July,2024,Sunday,Weekend 1,Drum & Bass
Locus,Rise,Psygathering,12:30 - 14:00,21 July,2024,Sunday,Weekend 1,
Firaga,Rise,Psygathering,14:00 - 15:30,21 July,2024,Sunday,Weekend 1,Psytrance
Alexander Popov b2b Re-Twin,Rise,Psygathering,15:30 - 17:00,21 July,2024,Sunday,Weekend 1,
Mad Maxx vs Stryker,Rise,Psygathering,17:00 - 19:30,21 July,2024,Sunday,Weekend 1,
Skazi,Rise,Psygathering,19:30 - 21:00,21 July,2024,Sunday,Weekend 1,Trance
HI Profile,Rise,Psygathering,21:00 - 22:30,21 July,2024,Sunday,Weekend 1,
Somnia,Rise,Psygathering,22:30 - 00:00,21 July,2024,Sunday,Weekend 1,
Elenore,Casa Corona,Shomi,12:30 - 14:00,21 July,2024,Sunday,Weekend 1,House
LUCYE,Casa Corona,Shomi,14:00 - 15:00,21 July,2024,Sunday,Weekend 1,
GUZ,Casa Corona,Shomi,15:00 - 16:00,21 July,2024,Sunday,Weekend 1,"Electronic, House, Techno"
MistaJam,Casa Corona,Shomi,16:00 - 17:30,21 July,2024,Sunday,Weekend 1,
DJ Licious,Casa Corona,Shomi,17:30 - 19:00,21 July,2024,Sunday,Weekend 1,House
Danny Howard,Casa Corona,Shomi,19:00 - 20:30,21 July,2024,Sunday,Weekend 1,Commercial Dance
Delafino B2B DJ Gee,Casa Corona,Shomi,20:30 - 22:00,21 July,2024,Sunday,Weekend 1,House
Vato Gonzalez,Casa Corona,Shomi,22:00 - 23:00,21 July,2024,Sunday,Weekend 1,"Dubstep, Traditional House"
Tom & Collins,Library,Smash The House,12:00 - 12:40,21 July,2024,Sunday,Weekend 1,"Electronica, Tech House, Traditional House"
Diego Miranda,Library,Smash The House,12:40 - 13:20,21 July,2024,Sunday,Weekend 1,Traditional House
Chapter & Verse,Library,Smash The House,13:20 - 14:00,21 July,2024,Sunday,Weekend 1,
Dubdogz,Library,Smash The House,14:00 - 15:00,21 July,2024,Sunday,Weekend 1,Electronica
Martin Jensen,Library,Smash The House,15:00 - 16:00,21 July,2024,Sunday,Weekend 1,"Electro House, Traditional House"
Joel Corry,Library,Smash The House,16:00 - 17:00,21 July,2024,Sunday,Weekend 1,"Dance, Pop"
DJ Diesel,Library,Smash The House,17:00 - 18:00,21 July,2024,Sunday,Weekend 1,"Electronic, Dance"
Sam Feldt,Library,Smash The House,18:00 - 19:00,21 July,2024,Sunday,Weekend 1,Traditional House
Dimitri Vegas & Like Mike & Friends,Library,Smash The House,19:00 - 20:00,21 July,2024,Sunday,Weekend 1,
Bassjackers,Library,Smash The House,20:00 - 21:00,21 July,2024,Sunday,Weekend 1,Electro House
Brennan Heart,Library,Smash The House,21:00 - 22:00,21 July,2024,Sunday,Weekend 1,Hard Dance
Vini Vici,Library,Smash The House,22:00 - 23:00,21 July,2024,Sunday,Weekend 1,"Psychedelic Trance, Trance"
The Z.,Rose Garden,Sub Zero Project,13:00 - 14:30,21 July,2024,Sunday,Weekend 1,
Maxtreme,Rose Garden,Sub Zero Project,14:30 - 15:30,21 July,2024,Sunday,Weekend 1,
Hard Driver,Rose Garden,Sub Zero Project,15:30 - 16:30,21 July,2024,Sunday,Weekend 1,Hard Dance
DJ Isaac,Rose Garden,Sub Zero Project,16:30 - 17:30,21 July,2024,Sunday,Weekend 1,Hard Dance
Sub Zero Project,Rose Garden,Sub Zero Project,17:30 - 19:00,21 July,2024,Sunday,Weekend 1,"Hard Dance, Hardcore Techno, Psychedelic Trance"
Rooler,Rose Garden,Sub Zero Project,19:00 - 20:00,21 July,2024,Sunday,Weekend 1,
Warface,Rose Garden,Sub Zero Project,20:00 - 21:00,21 July,2024,Sunday,Weekend 1,"Dubstep, Electronica, Hard Dance, Hardcore Techno, Techno"
Mish,Rose Garden,Sub Zero Project,21:00 - 22:00,21 July,2024,Sunday,Weekend 1,Hardcore
Mutilator,Rose Garden,Sub Zero Project,22:00 - 23:00,21 July,2024,Sunday,Weekend 1,
Niki August,Elixir,Team DAMP,13:00 - 14:00,21 July,2024,Sunday,Weekend 1,
Sako Glitch,Elixir,Team DAMP,14:00 - 15:00,21 July,2024,Sunday,Weekend 1,
Medaase,Elixir,Team DAMP,15:00 - 16:00,21 July,2024,Sunday,Weekend 1,
Rockefellababe,Elixir,Team DAMP,16:00 - 17:00,21 July,2024,Sunday,Weekend 1,
Kybba,Elixir,Team DAMP,17:00 - 18:00,21 July,2024,Sunday,Weekend 1,
Team DAMP,Elixir,Team DAMP,18:00 - 19:00,21 July,2024,Sunday,Weekend 1,"Electronic, Dance, House"
Assia MK,Elixir,Team DAMP,19:00 - 20:00,21 July,2024,Sunday,Weekend 1,
Tribal Kush,Elixir,Team DAMP,20:00 - 21:00,21 July,2024,Sunday,Weekend 1,
BKAY,Elixir,Team DAMP,21:00 - 22:00,21 July,2024,Sunday,Weekend 1,
Saidou,Elixir,Team DAMP,22:00 - 23:00,21 July,2024,Sunday,Weekend 1,
DJ Sahra,Elixir,Team DAMP,23:00 - 00:00,21 July,2024,Sunday,Weekend 1,Techno
Nederhand,Rave Cave,Weareoneworld,13:00 - 15:00,21 July,2024,Sunday,Weekend 1,
Benny,Rave Cave,Weareoneworld,15:00 - 16:30,21 July,2024,Sunday,Weekend 1,
Lovelee Days,Rave Cave,Weareoneworld,16:30 - 17:30,21 July,2024,Sunday,Weekend 1,
ARTEN,Rave Cave,Weareoneworld,17:30 - 18:30,21 July,2024,Sunday,Weekend 1,
EME,Rave Cave,Weareoneworld,18:30 - 19:30,21 July,2024,Sunday,Weekend 1,
Noaffection,Rave Cave,Weareoneworld,19:30 - 20:30,21 July,2024,Sunday,Weekend 1,
Kneiz b2b Toone,Rave Cave,Weareoneworld,20:30 - 22:00,21 July,2024,Sunday,Weekend 1,
Muze,Rave Cave,Weareoneworld,22:00 - 23:00,21 July,2024,Sunday,Weekend 1,Techno
D. Guaetta,Rave Cave,Weareoneworld,23:00 - 00:00,21 July,2024,Sunday,Weekend 1,
Troublemen,The Gathering,The Gathering,13:30 - 14:15,25 July,2024,Thursday,Weekend 2,
Magik,The Gathering,The Gathering,14:15 - 15:00,25 July,2024,Thursday,Weekend 2,"Trance, Psy-Trance"
5napback,The Gathering,The Gathering,15:00 - 15:45,25 July,2024,Thursday,Weekend 2,
Prinz,The Gathering,The Gathering,15:45 - 16:30,25 July,2024,Thursday,Weekend 2,Techno
Delafino & DJ Licious,The Gathering,The Gathering,16:30 - 17:15,25 July,2024,Thursday,Weekend 2,
Manuals b2b Meaghan,The Gathering,The Gathering,17:15 - 18:00,25 July,2024,Thursday,Weekend 2,
Julian Cross,The Gathering,The Gathering,18:00 - 18:45,25 July,2024,Thursday,Weekend 2,
Henri PFR,The Gathering,The Gathering,18:45 - 19:30,25 July,2024,Thursday,Weekend 2,"Commercial Dance, Electronica, Traditional House"
Mattn,The Gathering,The Gathering,19:30 - 20:15,25 July,2024,Thursday,Weekend 2,"Commercial Dance, Traditional House"
Regi & Yves V,The Gathering,The Gathering,20:15 - 21:00,25 July,2024,Thursday,Weekend 2,
Surprise,The Gathering,The Gathering,21:00 - 21:45,25 July,2024,Thursday,Weekend 2,TBA
No surprise,The Gathering,The Gathering,21:45 - 22:30,25 July,2024,Thursday,Weekend 2,
Surprise,The Gathering,The Gathering,22:30 - 23:15,25 July,2024,Thursday,Weekend 2,TBA
Surprise Vinyl only set,The Gathering,The Gathering,23:15 - 0:00,25 July,2024,Thursday,Weekend 2,
Kay b2b Jul-E,Rise,Cafeina,12:30 - 14:00,26 July,2024,Friday,Weekend 2,
Lucca van Damme,Rise,Cafeina,14:00 - 15:00,26 July,2024,Friday,Weekend 2,
Eddie Deville,Rise,Cafeina,15:00 - 16:00,26 July,2024,Friday,Weekend 2,
Kaudron,Rise,Cafeina,16:00 - 17:00,26 July,2024,Friday,Weekend 2,
Mona Lee b2b WLC,Rise,Cafeina,17:00 - 18:00,26 July,2024,Friday,Weekend 2,
ZT Music,Rise,Cafeina,18:00 - 19:00,26 July,2024,Friday,Weekend 2,"Electronic, Techno"
Semmer b2b Mr. Rewind,Rise,Cafeina,19:00 - 20:00,26 July,2024,Friday,Weekend 2,
Pat Krimson,Rise,Cafeina,20:00 - 21:00,26 July,2024,Friday,Weekend 2,"Electronic, Dance"
Roma,Rise,Cafeina,21:00 - 22:00,26 July,2024,Friday,Weekend 2,"Electronic, Dance"
Christophe b2b Seelen,Rise,Cafeina,22:00 - 23:00,26 July,2024,Friday,Weekend 2,
Disco Dasco,Rise,Cafeina,23:00 - 0:00,26 July,2024,Friday,Weekend 2,"Electronic, House"
Lilihell,Core,Core,12:00 - 14:00,26 July,2024,Friday,Weekend 2,"Electronic, Dance"
EMILIJA,Core,Core,14:00 - 16:00,26 July,2024,Friday,Weekend 2,Techno
Perel,Core,Core,16:00 - 18:00,26 July,2024,Friday,Weekend 2,
Dj Fuckoff,Core,Core,18:00 - 19:30,26 July,2024,Friday,Weekend 2,
DJ Heartstring,Core,Core,19:30 - 21:30,26 July,2024,Friday,Weekend 2,
Marlon Hoffstadt,Core,Core,21:30 - 23:30,26 July,2024,Friday,Weekend 2,
Partiboi69,Core,Core,23:30 - 1:00,26 July,2024,Friday,Weekend 2,
Hollt,Crystal Garden,Crystal Garden,12:00 - 13:30,26 July,2024,Friday,Weekend 2,"Electronic, Dance"
Axel Haube,Crystal Garden,Crystal Garden,13:30 - 15:00,26 July,2024,Friday,Weekend 2,"Techno, Minimal Techno"
Ashibah,Crystal Garden,Crystal Garden,15:00 - 16:30,26 July,2024,Friday,Weekend 2,
Mees Salomé,Crystal Garden,Crystal Garden,16:30 - 18:00,26 July,2024,Friday,Weekend 2,
Ida Engberg,Crystal Garden,Crystal Garden,18:00 - 19:30,26 July,2024,Friday,Weekend 2,Techno
Konstantin Sibold,Crystal Garden,Crystal Garden,19:30 - 21:00,26 July,2024,Friday,Weekend 2,
Elderbrook (DJ Set),Crystal Garden,Crystal Garden,21:00 - 22:30,26 July,2024,Friday,Weekend 2,
Adriatique,Crystal Garden,Crystal Garden,22:30 - 0:30,26 July,2024,Friday,Weekend 2,"Electronica, Tech House, Techno"
LAAT,Atmosphere,Drumcode,12:00 - 14:00,26 July,2024,Friday,Weekend 2,
Olympe,Atmosphere,Drumcode,14:00 - 16:00,26 July,2024,Friday,Weekend 2,"Pop, R&B"
Chris Avantgarde,Atmosphere,Drumcode,16:00 - 17:30,26 July,2024,Friday,Weekend 2,
Bart Skils,Atmosphere,Drumcode,17:30 - 19:00,26 July,2024,Friday,Weekend 2,Commercial Dance
Sama' Abdulhadi,Atmosphere,Drumcode,19:00 - 21:00,26 July,2024,Friday,Weekend 2,
HI-LO,Atmosphere,Drumcode,21:00 - 23:00,26 July,2024,Friday,Weekend 2,"Electro House, Electronica, Techno"
Adam Beyer,Atmosphere,Drumcode,23:00 - 0:55,26 July,2024,Friday,Weekend 2,Techno
DJ Creator,Elixir,Flavasoul,0:00 - 1:00,26 July,2024,Friday,Weekend 2,Techno
MC Rim,Elixir,Flavasoul,12:00 - 13:00,26 July,2024,Friday,Weekend 2,"Drum & Bass, Dubstep"
Tous Les Deux,Elixir,Flavasoul,13:00 - 14:30,26 July,2024,Friday,Weekend 2,
DJ Chanelle,Elixir,Flavasoul,14:30 - 16:00,26 July,2024,Friday,Weekend 2,"House, Techno"
FlavãSoul Soundsystem,Elixir,Flavasoul,16:00 - 18:00,26 July,2024,Friday,Weekend 2,
Flo Windey & Skyve,Elixir,Flavasoul,18:00 - 19:00,26 July,2024,Friday,Weekend 2,
Tola OG,Elixir,Flavasoul,19:00 - 20:00,26 July,2024,Friday,Weekend 2,
Eva De Roo & Double D,Elixir,Flavasoul,20:00 - 21:00,26 July,2024,Friday,Weekend 2,
Flavour Drop,Elixir,Flavasoul,21:00 - 22:00,26 July,2024,Friday,Weekend 2,House
Hyalyte,Elixir,Flavasoul,22:00 - 23:00,26 July,2024,Friday,Weekend 2,"Dubstep, Bass Music"
Unregular,Elixir,Flavasoul,23:00 - 0:00,26 July,2024,Friday,Weekend 2,
Revenja b2b Extreme Noize,Cage,Footworxx,12:00 - 13:15,26 July,2024,Friday,Weekend 2,
Revedge b2b The Mind Destiny,Cage,Footworxx,13:15 - 14:30,26 July,2024,Friday,Weekend 2,
DJ Furax,Cage,Footworxx,14:30 - 15:30,26 July,2024,Friday,Weekend 2,
Vernex,Cage,Footworxx,15:30 - 16:30,26 July,2024,Friday,Weekend 2,
Partyraiser,Cage,Footworxx,16:30 - 17:30,26 July,2024,Friday,Weekend 2,Hard Dance
DRS b2b Sandy Warez,Cage,Footworxx,17:30 - 19:00,26 July,2024,Friday,Weekend 2,
Yoshiko,Cage,Footworxx,19:00 - 20:00,26 July,2024,Friday,Weekend 2,
Neko,Cage,Footworxx,20:00 - 21:00,26 July,2024,Friday,Weekend 2,
MBK,Cage,Footworxx,21:00 - 22:00,26 July,2024,Friday,Weekend 2,
Detest,Cage,Footworxx,22:00 - 23:00,26 July,2024,Friday,Weekend 2,Commercial Dance
Goldfox,Freedom,Freedom by Bud,12:00 - 14:00,26 July,2024,Friday,Weekend 2,"Electronic, Dance"
Samm,Freedom,Freedom by Bud,14:00 - 16:00,26 July,2024,Friday,Weekend 2,"Electronic, Dance"
Might Delete Later,Freedom,Freedom by Bud,16:00 - 17:00,26 July,2024,Friday,Weekend 2,
TBA,Freedom,Freedom by Bud,17:00 - 19:00,26 July,2024,Friday,Weekend 2,TBA
Meduza,Freedom,Freedom by Bud,19:00 - 20:30,26 July,2024,Friday,Weekend 2,House
Dom Dolla,Freedom,Freedom by Bud,20:30 - 22:00,26 July,2024,Friday,Weekend 2,"Future House, Electro House, Funky House"
Trym,Freedom,Freedom by Bud,22:00 - 23:00,26 July,2024,Friday,Weekend 2,
Nico Moreno b2b Dyen,Freedom,Freedom by Bud,23:00 - 0:30,26 July,2024,Friday,Weekend 2,
Bardy b2b OCSAV,House of Fortune,House of Fortune by JBL,13:00 - 14:00,26 July,2024,Friday,Weekend 2,
Himanshu Kalwani,House of Fortune,House of Fortune by JBL,14:00 - 14:30,26 July,2024,Friday,Weekend 2,
Eole,House of Fortune,House of Fortune by JBL,14:30 - 15:00,26 July,2024,Friday,Weekend 2,
Toska,House of Fortune,House of Fortune by JBL,15:00 - 15:30,26 July,2024,Friday,Weekend 2,
Idle Days,House of Fortune,House of Fortune by JBL,15:30 - 16:00,26 July,2024,Friday,Weekend 2,
Jose De Mara,House of Fortune,House of Fortune by JBL,16:00 - 17:00,26 July,2024,Friday,Weekend 2,
StadiumX,House of Fortune,House of Fortune by JBL,17:00 - 18:00,26 July,2024,Friday,Weekend 2,"Electro House, Electronica, Progressive House, Tech House"
Mr. Belt & Wezol,House of Fortune,House of Fortune by JBL,18:00 - 19:00,26 July,2024,Friday,Weekend 2,
Jengi,House of Fortune,House of Fortune by JBL,19:00 - 20:00,26 July,2024,Friday,Weekend 2,Electronic
Matisse & Sadko,House of Fortune,House of Fortune by JBL,20:00 - 21:00,26 July,2024,Friday,Weekend 2,Progressive House
Tigerlily,House of Fortune,House of Fortune by JBL,21:00 - 22:00,26 July,2024,Friday,Weekend 2,Electro House
Daybreak Session: Antdot b2b Maz,Mainstage,Mainstage,12:00 - 14:30,26 July,2024,Friday,Weekend 2,
Agents Of Time,Mainstage,Mainstage,14:30 - 15:30,26 July,2024,Friday,Weekend 2,"Electronica, Progressive House, Tech House, Techno"
Henri PFR,Mainstage,Mainstage,15:30 - 16:30,26 July,2024,Friday,Weekend 2,"Commercial Dance, Electronica, Traditional House"
Dimension,Mainstage,Mainstage,16:30 - 17:30,26 July,2024,Friday,Weekend 2,
Bassjackers,Mainstage,Mainstage,17:35 - 18:35,26 July,2024,Friday,Weekend 2,Electro House
B Jones,Mainstage,Mainstage,18:40 - 19:40,26 July,2024,Friday,Weekend 2,"Dance, Electronic, Hip-Hop, Rap"
Kevin de Vries,Mainstage,Mainstage,19:40 - 20:40,26 July,2024,Friday,Weekend 2,"Techno, Tech Trance"
Solomun,Mainstage,Mainstage,20:40 - 21:40,26 July,2024,Friday,Weekend 2,Tech House
Lost Frequencies,Mainstage,Mainstage,21:45 - 22:45,26 July,2024,Friday,Weekend 2,"Electro House, Electronica, Traditional House"
Swedish House Mafia,Mainstage,Mainstage,22:50 - 23:50,26 July,2024,Friday,Weekend 2,Progressive House
Hardwell,Mainstage,Mainstage,23:50 - 0:50,26 July,2024,Friday,Weekend 2,"Electro House, Progressive House"
Barry Fest,Moosebar,Moosebar,12:00 - 13:00,26 July,2024,Friday,Weekend 2,
Jeroen Visser,Moosebar,Moosebar,13:00 - 14:00,26 July,2024,Friday,Weekend 2,"Electronic, Dance, House"
Prosit,Moosebar,Moosebar,14:00 - 15:00,26 July,2024,Friday,Weekend 2,
Tom Cosyns,Moosebar,Moosebar,15:00 - 16:00,26 July,2024,Friday,Weekend 2,"Electronic, Dance, House"
Mosoo,Planaxis,Planaxis,12:00 - 14:00,26 July,2024,Friday,Weekend 2,Electronic
Karyendasoul,Planaxis,Planaxis,14:00 - 16:00,26 July,2024,Friday,Weekend 2,
Sona,Planaxis,Planaxis,16:00 - 17:30,26 July,2024,Friday,Weekend 2,Traditional House
Arielle Free,Planaxis,Planaxis,17:30 - 19:00,26 July,2024,Friday,Weekend 2,
Chris Stussy,Planaxis,Planaxis,19:00 - 20:30,26 July,2024,Friday,Weekend 2,
To be announced,Planaxis,Planaxis,20:30 - 22:00,26 July,2024,Friday,Weekend 2,TBA
Dennis Cruz b2b Seth Troxler,Planaxis,Planaxis,22:00 - 0:00,26 July,2024,Friday,Weekend 2,
Mc Mota,Rose Garden,Rampage x UKF,12:00 - 13:00,26 July,2024,Friday,Weekend 2,"Hip-Hop, Rap"
Maze b2b Primate,Rose Garden,Rampage x UKF,13:00 - 14:00,26 July,2024,Friday,Weekend 2,
Basstripper b2b AC13,Rose Garden,Rampage x UKF,14:00 - 15:00,26 July,2024,Friday,Weekend 2,
Mollie Collins,Rose Garden,Rampage x UKF,15:00 - 16:00,26 July,2024,Friday,Weekend 2,Drum & Bass
Hamdi,Rose Garden,Rampage x UKF,16:00 - 17:00,26 July,2024,Friday,Weekend 2,
A Little Sound,Rose Garden,Rampage x UKF,17:00 - 18:00,26 July,2024,Friday,Weekend 2,"Trance, Psy-Trance"
Sippy,Rose Garden,Rampage x UKF,18:00 - 19:00,26 July,2024,Friday,Weekend 2,
Murdock,Rose Garden,Rampage x UKF,19:00 - 20:00,26 July,2024,Friday,Weekend 2,Drum & Bass
Metrik b2b Grafix,Rose Garden,Rampage x UKF,20:00 - 21:00,26 July,2024,Friday,Weekend 2,
Delta Heavy,Rose Garden,Rampage x UKF,21:00 - 22:00,26 July,2024,Friday,Weekend 2,"Dubstep, Drum & Bass, Jungle, Drum Step"
Macky Gee,Rose Garden,Rampage x UKF,22:00 - 23:00,26 July,2024,Friday,Weekend 2,Drum & Bass
Camo & Krooked,Rose Garden,Rampage x UKF,23:00 - 0:00,26 July,2024,Friday,Weekend 2,Drum & Bass
JUSTANOTHERDJ,Casa Corona,Terra Solis,12:00 - 13:30,26 July,2024,Friday,Weekend 2,
Quilliam,Casa Corona,Terra Solis,13:30 - 15:00,26 July,2024,Friday,Weekend 2,
Luna & Lenthe,Casa Corona,Terra Solis,15:00 - 16:30,26 July,2024,Friday,Weekend 2,"Pop, R&B"
ARKADYAN,Casa Corona,Terra Solis,16:30 - 18:00,26 July,2024,Friday,Weekend 2,
Sasson b2b Rivo,Casa Corona,Terra Solis,18:00 - 19:30,26 July,2024,Friday,Weekend 2,
Avangart Tabldot,Casa Corona,Terra Solis,19:30 - 22:30,26 July,2024,Friday,Weekend 2,
Adam Sellouk,Casa Corona,Terra Solis,22:30 - 0:00,26 July,2024,Friday,Weekend 2,
Q DANCE End show,Library,Tomorrowland Music,0:35 - 0:45,26 July,2024,Friday,Weekend 2,
MagiK,Library,Tomorrowland Music,12:00 - 13:00,26 July,2024,Friday,Weekend 2,"Trance, Psy-Trance"
Nina Black,Library,Tomorrowland Music,13:00 - 14:00,26 July,2024,Friday,Weekend 2,Techno
Lennert Wolfs,Library,Tomorrowland Music,14:00 - 15:00,26 July,2024,Friday,Weekend 2,"Electronic, Dance, House"
Mr. Belt & Wezol,Library,Tomorrowland Music,15:00 - 16:00,26 July,2024,Friday,Weekend 2,
Bresh,Library,Tomorrowland Music,16:00 - 17:00,26 July,2024,Friday,Weekend 2,
Otto Knows,Library,Tomorrowland Music,17:00 - 18:00,26 July,2024,Friday,Weekend 2,Traditional House
Lucas & Steve,Library,Tomorrowland Music,18:00 - 19:00,26 July,2024,Friday,Weekend 2,"Commercial Dance, Hard Dance, Traditional House"
Topic,Library,Tomorrowland Music,19:00 - 20:00,26 July,2024,Friday,Weekend 2,"Pop, Dance"
Felix Jaehn,Library,Tomorrowland Music,20:00 - 21:00,26 July,2024,Friday,Weekend 2,"Deep House, Tech House"
Alok,Library,Tomorrowland Music,21:00 - 22:00,26 July,2024,Friday,Weekend 2,Commercial Dance
R3hab,Library,Tomorrowland Music,22:00 - 23:00,26 July,2024,Friday,Weekend 2,"Electro House, Progressive House"
Outsiders,Library,Tomorrowland Music,23:00 - 23:50,26 July,2024,Friday,Weekend 2,Hard Dance
Sefa,Library,Tomorrowland Music,23:50 - 0:35,26 July,2024,Friday,Weekend 2,Hard Dance
Mr. Rewind,Rave Cave,Winterclubbing,13:00 - 14:00,26 July,2024,Friday,Weekend 2,
Bram Delux,Rave Cave,Winterclubbing,14:00 - 15:00,26 July,2024,Friday,Weekend 2,House
Nils Van Zandt,Rave Cave,Winterclubbing,15:00 - 16:00,26 July,2024,Friday,Weekend 2,
DJ Luk,Rave Cave,Winterclubbing,16:00 - 17:00,26 July,2024,Friday,Weekend 2,Electronic
DJ Kat,Rave Cave,Winterclubbing,17:00 - 18:00,26 July,2024,Friday,Weekend 2,House
DJ F.R.A.N.K,Rave Cave,Winterclubbing,18:00 - 19:00,26 July,2024,Friday,Weekend 2,
PartyShakerz,Rave Cave,Winterclubbing,19:00 - 20:00,26 July,2024,Friday,Weekend 2,"Electronic, Dance"
5napback,Rave Cave,Winterclubbing,20:00 - 21:00,26 July,2024,Friday,Weekend 2,
Dimitri Wouters,Rave Cave,Winterclubbing,21:00 - 22:00,26 July,2024,Friday,Weekend 2,House
Double-U,Rave Cave,Winterclubbing,22:00 - 23:00,26 July,2024,Friday,Weekend 2,Electronic
Winterclubbing All Stars,Rave Cave,Winterclubbing,23:00 - 0:00,26 July,2024,Friday,Weekend 2,"Electronic, Dance"
Blk.,Atmosphere,Atmosphere,0:00 - 0:55,27 July,2024,Saturday,Weekend 2,
Marie Julie,Atmosphere,Atmosphere,12:00 - 14:00,27 July,2024,Saturday,Weekend 2,
Amotik b2b Answer Code Request,Atmosphere,Atmosphere,14:00 - 16:30,27 July,2024,Saturday,Weekend 2,
Phara (Live),Atmosphere,Atmosphere,16:30 - 17:30,27 July,2024,Saturday,Weekend 2,
Ellli Acula,Atmosphere,Atmosphere,17:30 - 19:00,27 July,2024,Saturday,Weekend 2,
I Hate Models,Atmosphere,Atmosphere,19:00 - 20:30,27 July,2024,Saturday,Weekend 2,Techno
Ellen Allien,Atmosphere,Atmosphere,20:30 - 22:30,27 July,2024,Saturday,Weekend 2,Techno
Paula Temple b2b SNTS,Atmosphere,Atmosphere,22:30 - 0:00,27 July,2024,Saturday,Weekend 2,
DJ Jan,Rose Garden,Bonzai,13:00 - 14:30,27 July,2024,Saturday,Weekend 2,"Hard Trance, Techno"
Phi Phi,Rose Garden,Bonzai,14:30 - 16:00,27 July,2024,Saturday,Weekend 2,"Progressive House, Trance"
Jaydee,Rose Garden,Bonzai,16:00 - 17:30,27 July,2024,Saturday,Weekend 2,
Greg S,Rose Garden,Bonzai,17:30 - 18:30,27 July,2024,Saturday,Weekend 2,"Techno, Trance"
Jan Vervloet,Rose Garden,Bonzai,18:30 - 19:30,27 July,2024,Saturday,Weekend 2,Progressive House
DJ Ghost,Rose Garden,Bonzai,19:30 - 20:30,27 July,2024,Saturday,Weekend 2,"Hard Trance, Techno"
Furax,Rose Garden,Bonzai,20:30 - 21:30,27 July,2024,Saturday,Weekend 2,"Hardcore Techno, Traditional House"
Franky Kloeck,Rose Garden,Bonzai,21:30 - 22:30,27 July,2024,Saturday,Weekend 2,"Techno, Hard Trance"
Push,Rose Garden,Bonzai,22:30 - 23:30,27 July,2024,Saturday,Weekend 2,"Trance, Progressive House"
Bonzai All Stars,Rose Garden,Bonzai,23:30 - 1:00,27 July,2024,Saturday,Weekend 2,"Techno, Trance"
Azo,Cage,Cage,12:00 - 13:30,27 July,2024,Saturday,Weekend 2,
Odymel,Cage,Cage,13:30 - 15:00,27 July,2024,Saturday,Weekend 2,
Mischluft,Cage,Cage,15:00 - 16:30,27 July,2024,Saturday,Weekend 2,
Maruwa,Cage,Cage,16:30 - 18:30,27 July,2024,Saturday,Weekend 2,
DJ Hyperdrive,Cage,Cage,18:30 - 20:00,27 July,2024,Saturday,Weekend 2,
t e s t p r e s s,Cage,Cage,20:00 - 21:30,27 July,2024,Saturday,Weekend 2,
Pegassi,Cage,Cage,21:30 - 23:00,27 July,2024,Saturday,Weekend 2,
Sem Thomasson,Freedom,Freedom by Bud,12:00 - 14:30,27 July,2024,Saturday,Weekend 2,Progressive House
Nico Morano,Freedom,Freedom by Bud,14:30 - 16:30,27 July,2024,Saturday,Weekend 2,"House, Techno"
Symphony of Unity,Freedom,Freedom by Bud,16:30 - 17:30,27 July,2024,Saturday,Weekend 2,"Classical, Orchestral"
Joris Voorn b2b Yotto,Freedom,Freedom by Bud,17:30 - 19:30,27 July,2024,Saturday,Weekend 2,
Kölsch,Freedom,Freedom by Bud,19:30 - 21:00,27 July,2024,Saturday,Weekend 2,Commercial Dance
Tchami b2b Malaa,Freedom,Freedom by Bud,21:00 - 22:30,27 July,2024,Saturday,Weekend 2,
Alesso,Freedom,Freedom by Bud,22:30 - 23:30,27 July,2024,Saturday,Weekend 2,Progressive House
Sub Zero Project,Freedom,Freedom by Bud,23:30 - 0:30,27 July,2024,Saturday,Weekend 2,"Hard Dance, Hardcore Techno, Psychedelic Trance"
So Blonde Sound System,House of Fortune,House of Fortune by JBL,13:00 - 14:00,27 July,2024,Saturday,Weekend 2,
Sickzombies,House of Fortune,House of Fortune by JBL,14:00 - 14:30,27 July,2024,Saturday,Weekend 2,
Admess,House of Fortune,House of Fortune by JBL,14:30 - 15:00,27 July,2024,Saturday,Weekend 2,
SUNZZ,House of Fortune,House of Fortune by JBL,15:00 - 15:30,27 July,2024,Saturday,Weekend 2,
Merow,House of Fortune,House of Fortune by JBL,15:30 - 16:00,27 July,2024,Saturday,Weekend 2,Techno
Matt Sassari,House of Fortune,House of Fortune by JBL,16:00 - 17:00,27 July,2024,Saturday,Weekend 2,"Commercial Dance, Electronica"
W4STD,House of Fortune,House of Fortune by JBL,17:00 - 18:00,27 July,2024,Saturday,Weekend 2,
Sofía Cristo,House of Fortune,House of Fortune by JBL,18:00 - 19:00,27 July,2024,Saturday,Weekend 2,
Mike Williams,House of Fortune,House of Fortune by JBL,19:00 - 20:00,27 July,2024,Saturday,Weekend 2,"Commercial Dance, Drum & Bass, Electronica, Progressive House, Traditional House"
Vize,House of Fortune,House of Fortune by JBL,20:00 - 21:00,27 July,2024,Saturday,Weekend 2,"Breakbeats, Electro House"
Nostalgix,House of Fortune,House of Fortune by JBL,21:00 - 22:00,27 July,2024,Saturday,Weekend 2,
Netsky,Library,Lost Frequencies & Friends,0:00 - 0:55,27 July,2024,Saturday,Weekend 2,Drum & Bass
Maryo,Library,Lost Frequencies & Friends,12:00 - 13:00,27 July,2024,Saturday,Weekend 2,
Toolate Groove,Library,Lost Frequencies & Friends,13:00 - 14:00,27 July,2024,Saturday,Weekend 2,House
Liu,Library,Lost Frequencies & Friends,14:00 - 15:00,27 July,2024,Saturday,Weekend 2,
ZERB,Library,Lost Frequencies & Friends,15:00 - 16:00,27 July,2024,Saturday,Weekend 2,
Goodboys,Library,Lost Frequencies & Friends,16:00 - 17:00,27 July,2024,Saturday,Weekend 2,House
Omdat Het Kan & Average Rob,Library,Lost Frequencies & Friends,17:00 - 18:00,27 July,2024,Saturday,Weekend 2,
Andromedik,Library,Lost Frequencies & Friends,18:00 - 19:00,27 July,2024,Saturday,Weekend 2,Drum & Bass
Nora En Pure,Library,Lost Frequencies & Friends,19:00 - 20:00,27 July,2024,Saturday,Weekend 2,Commercial Dance
A-trak b2b The Magician,Library,Lost Frequencies & Friends,20:00 - 21:00,27 July,2024,Saturday,Weekend 2,
Purple Disco Machine,Library,Lost Frequencies & Friends,21:00 - 22:00,27 July,2024,Saturday,Weekend 2,"Deep House, Funk House, Disco House"
Lost Frequencies,Library,Lost Frequencies & Friends,22:00 - 23:00,27 July,2024,Saturday,Weekend 2,"Electro House, Electronica, Traditional House"
Oliver Heldens,Library,Lost Frequencies & Friends,23:00 - 0:00,27 July,2024,Saturday,Weekend 2,"Electro House, Electronica, Techno"
Daybreak session: Laidback Luke presents Wayback Luke,Mainstage,Mainstage,12:00 - 14:30,27 July,2024,Saturday,Weekend 2,House
Rose Ringed,Mainstage,Mainstage,14:30 - 15:30,27 July,2024,Saturday,Weekend 2,
USED,Mainstage,Mainstage,15:30 - 16:30,27 July,2024,Saturday,Weekend 2,"Hardstyle, Rawstyle"
Sara Landry,Mainstage,Mainstage,16:30 - 17:30,27 July,2024,Saturday,Weekend 2,Tech House
MORTEN,Mainstage,Mainstage,17:35 - 18:35,27 July,2024,Saturday,Weekend 2,"Commercial Dance, Dubstep"
Amber Broos,Mainstage,Mainstage,18:40 - 19:40,27 July,2024,Saturday,Weekend 2,Techno
Sunnery James & Ryan Marciano,Mainstage,Mainstage,19:40 - 20:40,27 July,2024,Saturday,Weekend 2,Electro House
Tale Of Us,Mainstage,Mainstage,20:40 - 21:40,27 July,2024,Saturday,Weekend 2,Tech House
Armin van Buuren,Mainstage,Mainstage,21:45 - 22:45,27 July,2024,Saturday,Weekend 2,Trance
Dimitri Vegas & Like Mike,Mainstage,Mainstage,22:50 - 23:50,27 July,2024,Saturday,Weekend 2,Electro House
Steve Aoki,Mainstage,Mainstage,23:50 - 0:50,27 July,2024,Saturday,Weekend 2,"Electro House, Indie / Underground"
TBA,Planaxis,Monstercat,13:00 - 14:00,27 July,2024,Saturday,Weekend 2,TBA
Chyl,Planaxis,Monstercat,14:00 - 15:00,27 July,2024,Saturday,Weekend 2,
ShockOne,Planaxis,Monstercat,15:00 - 16:00,27 July,2024,Saturday,Weekend 2,Commercial Dance
Raizhell,Planaxis,Monstercat,16:00 - 17:00,27 July,2024,Saturday,Weekend 2,
Oddkidout,Planaxis,Monstercat,17:00 - 18:00,27 July,2024,Saturday,Weekend 2,
Nostalgix,Planaxis,Monstercat,18:00 - 19:00,27 July,2024,Saturday,Weekend 2,
Ray Volpe,Planaxis,Monstercat,19:00 - 20:00,27 July,2024,Saturday,Weekend 2,"Future Bass, Trap"
Dirtyphonics,Planaxis,Monstercat,20:00 - 21:00,27 July,2024,Saturday,Weekend 2,"Drum & Bass, Dubstep"
Wooli,Planaxis,Monstercat,21:00 - 22:00,27 July,2024,Saturday,Weekend 2,"Future Bass, Dubstep, Trap, Commercial Dance"
Koven,Planaxis,Monstercat,22:00 - 23:00,27 July,2024,Saturday,Weekend 2,Drum & Bass
Jessica Audiffred b2b Infekt,Planaxis,Monstercat,23:00 - 0:00,27 July,2024,Saturday,Weekend 2,
Brian,Moosebar,Moosebar,12:00 - 13:00,27 July,2024,Saturday,Weekend 2,
Les Mecs,Moosebar,Moosebar,13:00 - 14:00,27 July,2024,Saturday,Weekend 2,
Marco Mzee,Moosebar,Moosebar,14:00 - 15:00,27 July,2024,Saturday,Weekend 2,
Michael More,Moosebar,Moosebar,15:00 - 16:00,27 July,2024,Saturday,Weekend 2,"Electronic, Dance, House"
Unos,Core,Planet Eliza,12:30 - 14:30,27 July,2024,Saturday,Weekend 2,
Calao,Core,Planet Eliza,14:30 - 16:00,27 July,2024,Saturday,Weekend 2,Electronic
Bibi Seck,Core,Planet Eliza,16:00 - 17:30,27 July,2024,Saturday,Weekend 2,
Lovefoxy,Core,Planet Eliza,17:30 - 19:00,27 July,2024,Saturday,Weekend 2,
Jeremy Underground,Core,Planet Eliza,19:00 - 21:00,27 July,2024,Saturday,Weekend 2,
Dan Shake,Core,Planet Eliza,21:00 - 23:00,27 July,2024,Saturday,Weekend 2,
Eliza Rose,Core,Planet Eliza,23:00 - 1:00,27 July,2024,Saturday,Weekend 2,
Pauline Noyen,Rave Cave,Rave Cave,12:00 - 13:30,27 July,2024,Saturday,Weekend 2,
MITCHED,Rave Cave,Rave Cave,13:30 - 15:00,27 July,2024,Saturday,Weekend 2,
Bassbar,Rave Cave,Rave Cave,15:00 - 16:30,27 July,2024,Saturday,Weekend 2,
Jorn Pricez,Rave Cave,Rave Cave,16:30 - 18:00,27 July,2024,Saturday,Weekend 2,
X-TOF,Rave Cave,Rave Cave,18:00 - 19:30,27 July,2024,Saturday,Weekend 2,Big Room House
Roman Weber,Rave Cave,Rave Cave,19:30 - 21:00,27 July,2024,Saturday,Weekend 2,
Thomas M,Rave Cave,Rave Cave,21:00 - 22:00,27 July,2024,Saturday,Weekend 2,
Mr Joy,Rave Cave,Rave Cave,22:00 - 23:30,27 July,2024,Saturday,Weekend 2,
Moritz Hofbauer,Rave Cave,Rave Cave,23:30 - 1:00,27 July,2024,Saturday,Weekend 2,
Annabel Stop It,Elixir,Vunzige Deuntjes,0:00 - 1:00,27 July,2024,Saturday,Weekend 2,
SHE,Elixir,Vunzige Deuntjes,13:00 - 14:30,27 July,2024,Saturday,Weekend 2,
Dieux Pere,Elixir,Vunzige Deuntjes,14:30 - 15:30,27 July,2024,Saturday,Weekend 2,
Zoe Hasselbank,Elixir,Vunzige Deuntjes,15:30 - 16:30,27 July,2024,Saturday,Weekend 2,
Tribal Kush,Elixir,Vunzige Deuntjes,16:30 - 17:30,27 July,2024,Saturday,Weekend 2,
Jahwin,Elixir,Vunzige Deuntjes,17:30 - 18:30,27 July,2024,Saturday,Weekend 2,
Kybba,Elixir,Vunzige Deuntjes,18:30 - 19:30,27 July,2024,Saturday,Weekend 2,
Vunzige Deuntjes Soundsystem,Elixir,Vunzige Deuntjes,19:30 - 21:00,27 July,2024,Saturday,Weekend 2,
Ballantine,Elixir,Vunzige Deuntjes,21:00 - 22:00,27 July,2024,Saturday,Weekend 2,
Rockefellababe,Elixir,Vunzige Deuntjes,22:00 - 23:00,27 July,2024,Saturday,Weekend 2,
WEF,Elixir,Vunzige Deuntjes,23:00 - 0:00,27 July,2024,Saturday,Weekend 2,
Palmera,Casa Corona,With Love From Ibiza,12:00 - 13:30,27 July,2024,Saturday,Weekend 2,
Cristiano Da Silva,Casa Corona,With Love From Ibiza,13:30 - 15:30,27 July,2024,Saturday,Weekend 2,
Valentín Huedo,Casa Corona,With Love From Ibiza,15:30 - 17:00,27 July,2024,Saturday,Weekend 2,
Igor Marijuan,Casa Corona,With Love From Ibiza,17:00 - 18:30,27 July,2024,Saturday,Weekend 2,
Eli Rojas,Casa Corona,With Love From Ibiza,18:30 - 20:30,27 July,2024,Saturday,Weekend 2,
Oriol Calvo,Casa Corona,With Love From Ibiza,20:30 - 22:00,27 July,2024,Saturday,Weekend 2,"Tech House, Minimal"
Delafino b2b Luna Fino,Casa Corona,With Love From Ibiza,22:00 - 23:00,27 July,2024,Saturday,Weekend 2,
Delafino & Ibiza Friends,Casa Corona,With Love From Ibiza,23:00 - 0:00,27 July,2024,Saturday,Weekend 2,
TBA,Rise,Yves V presents V SESSIONS,12:00 - 13:00,27 July,2024,Saturday,Weekend 2,TBA
JOYSE,Rise,Yves V presents V SESSIONS,13:00 - 14:00,27 July,2024,Saturday,Weekend 2,
Odssey,Rise,Yves V presents V SESSIONS,14:00 - 15:00,27 July,2024,Saturday,Weekend 2,Deep House
DJ Roop,Rise,Yves V presents V SESSIONS,15:00 - 16:00,27 July,2024,Saturday,Weekend 2,
Bhaskar,Rise,Yves V presents V SESSIONS,16:00 - 17:00,27 July,2024,Saturday,Weekend 2,"Brazilian Bass, Deep House"
Brian Cross & DJ Nano,Rise,Yves V presents V SESSIONS,17:00 - 18:00,27 July,2024,Saturday,Weekend 2,
Yves V,Rise,Yves V presents V SESSIONS,18:00 - 19:00,27 July,2024,Saturday,Weekend 2,Progressive House
Kura,Rise,Yves V presents V SESSIONS,19:00 - 20:00,27 July,2024,Saturday,Weekend 2,Progressive House
Sevenn,Rise,Yves V presents V SESSIONS,20:00 - 21:00,27 July,2024,Saturday,Weekend 2,Bass Music
Mike Williams,Rise,Yves V presents V SESSIONS,21:00 - 22:00,27 July,2024,Saturday,Weekend 2,"Commercial Dance, Drum & Bass, Electronica, Progressive House, Traditional House"
Marnik,Rise,Yves V presents V SESSIONS,22:00 - 23:00,27 July,2024,Saturday,Weekend 2,"Electronica, Progressive House"
Will Sparks,Rise,Yves V presents V SESSIONS,23:00 - 0:00,27 July,2024,Saturday,Weekend 2,Commercial Dance
Hangar Soundsystem,Crystal Garden,Zamna,12:00 - 14:00,27 July,2024,Saturday,Weekend 2,
Henri Bergmann b2b Magit Cacoon,Crystal Garden,Zamna,14:00 - 16:00,27 July,2024,Saturday,Weekend 2,
Zamna SoundSystem,Crystal Garden,Zamna,16:00 - 17:30,27 July,2024,Saturday,Weekend 2,
Like Mike,Crystal Garden,Zamna,17:30 - 19:00,27 July,2024,Saturday,Weekend 2,"Big Room House, Progressive House"
Massano,Crystal Garden,Zamna,19:00 - 20:30,27 July,2024,Saturday,Weekend 2,Progressive House
ANNA,Crystal Garden,Zamna,20:30 - 22:30,27 July,2024,Saturday,Weekend 2,Techno
Mind Against,Crystal Garden,Zamna,22:30 - 0:30,27 July,2024,Saturday,Weekend 2,Commercial Dance
Yamo,Planaxis,2010 - 2012,13:00 - 14:30,28 July,2024,Sunday,Weekend 2,"Electronic, Experimental"
Wolfpack,Planaxis,2010 - 2012,14:30 - 16:00,28 July,2024,Sunday,Weekend 2,"Commercial Dance, Electro House, Progressive House"
Jose AM,Planaxis,2010 - 2012,16:00 - 17:00,28 July,2024,Sunday,Weekend 2,
Pat B,Planaxis,2010 - 2012,17:00 - 18:00,28 July,2024,Sunday,Weekend 2,
Dyro,Planaxis,2010 - 2012,18:00 - 19:00,28 July,2024,Sunday,Weekend 2,Progressive House
Angemi,Planaxis,2010 - 2012,19:00 - 20:00,28 July,2024,Sunday,Weekend 2,
Third Party,Planaxis,2010 - 2012,20:00 - 21:00,28 July,2024,Sunday,Weekend 2,Progressive House
Regi,Planaxis,2010 - 2012,21:00 - 22:00,28 July,2024,Sunday,Weekend 2,"Trance, Big Room House"
Chuckie,Planaxis,2010 - 2012,22:00 - 23:00,28 July,2024,Sunday,Weekend 2,Electro House
DVBBS,Planaxis,2010 - 2012,23:00 - 23:50,28 July,2024,Sunday,Weekend 2,Commercial Dance
Mooglie,Freedom,Afterlife,12:00 - 14:00,28 July,2024,Sunday,Weekend 2,"House, Techno"
VNTM,Freedom,Afterlife,14:00 - 16:00,28 July,2024,Sunday,Weekend 2,
8Kays,Freedom,Afterlife,16:00 - 17:30,28 July,2024,Sunday,Weekend 2,"Progressive House, Melodic House & Techno"
Cassian,Freedom,Afterlife,17:30 - 19:00,28 July,2024,Sunday,Weekend 2,Indie / Underground
Argy,Freedom,Afterlife,19:00 - 20:30,28 July,2024,Sunday,Weekend 2,Techno
Anyma,Freedom,Afterlife,20:30 - 22:00,28 July,2024,Sunday,Weekend 2,"Melodic House & Techno, Progressive House"
Tale Of Us,Freedom,Afterlife,22:00 - 23:30,28 July,2024,Sunday,Weekend 2,Tech House
Smokin' Pandas,Cage,Brownies & Lemonade,13:00 - 14:00,28 July,2024,Sunday,Weekend 2,
Airglo,Cage,Brownies & Lemonade,14:00 - 15:00,28 July,2024,Sunday,Weekend 2,
Gyrofield,Cage,Brownies & Lemonade,15:00 - 16:00,28 July,2024,Sunday,Weekend 2,
Justin Hawkes,Cage,Brownies & Lemonade,16:00 - 17:00,28 July,2024,Sunday,Weekend 2,
Rohaan,Cage,Brownies & Lemonade,17:00 - 18:00,28 July,2024,Sunday,Weekend 2,
Bensley,Cage,Brownies & Lemonade,18:00 - 19:00,28 July,2024,Sunday,Weekend 2,
Reaper,Cage,Brownies & Lemonade,19:00 - 20:00,28 July,2024,Sunday,Weekend 2,
Nitepunk,Cage,Brownies & Lemonade,20:00 - 21:00,28 July,2024,Sunday,Weekend 2,
ÆON:MODE,Cage,Brownies & Lemonade,21:00 - 22:00,28 July,2024,Sunday,Weekend 2,
Imanu b2b Buunshin,Cage,Brownies & Lemonade,22:00 - 23:00,28 July,2024,Sunday,Weekend 2,
Laura Hoogland,Crystal Garden,Crystal Garden,12:00 - 14:00,28 July,2024,Sunday,Weekend 2,Trance
Arado,Crystal Garden,Crystal Garden,14:00 - 16:00,28 July,2024,Sunday,Weekend 2,Commercial Dance
Bora Uzer,Crystal Garden,Crystal Garden,16:00 - 17:30,28 July,2024,Sunday,Weekend 2,
Miss Monique,Crystal Garden,Crystal Garden,17:30 - 19:00,28 July,2024,Sunday,Weekend 2,
Vintage Culture,Crystal Garden,Crystal Garden,19:00 - 20:30,28 July,2024,Sunday,Weekend 2,"Commercial Dance, Electro House, Electronica, Traditional House"
John Summit,Crystal Garden,Crystal Garden,20:30 - 22:00,28 July,2024,Sunday,Weekend 2,Techno
Claptone,Crystal Garden,Crystal Garden,22:00 - 23:30,28 July,2024,Sunday,Weekend 2,"Electro House, Tech House, Techno, Traditional House"
Lowie Trio,Casa Corona,Disco Zonderdag,12:00 - 14:00,28 July,2024,Sunday,Weekend 2,
séa,Casa Corona,Disco Zonderdag,14:00 - 15:30,28 July,2024,Sunday,Weekend 2,Electronic
Kenny Montana,Casa Corona,Disco Zonderdag,15:30 - 17:00,28 July,2024,Sunday,Weekend 2,
Zouzibabe,Casa Corona,Disco Zonderdag,17:00 - 18:30,28 July,2024,Sunday,Weekend 2,
Marvin & Guy,Casa Corona,Disco Zonderdag,18:30 - 20:30,28 July,2024,Sunday,Weekend 2,
Jeroen Delodder,Casa Corona,Disco Zonderdag,20:30 - 23:00,28 July,2024,Sunday,Weekend 2,"Electronic, Dance, House"
Helena Lauwaert b2b EMILIJA,Atmosphere,Exhale,12:00 - 15:30,28 July,2024,Sunday,Weekend 2,
Milo Spykers,Atmosphere,Exhale,15:30 - 17:00,28 July,2024,Sunday,Weekend 2,
Farrago,Atmosphere,Exhale,17:00 - 18:30,28 July,2024,Sunday,Weekend 2,Techno
Daria Kolosova,Atmosphere,Exhale,18:30 - 20:30,28 July,2024,Sunday,Weekend 2,
Amelie Lens,Atmosphere,Exhale,20:30 - 22:30,28 July,2024,Sunday,Weekend 2,"Electronica, Techno, Trance"
999999999,Atmosphere,Exhale,22:30 - 23:55,28 July,2024,Sunday,Weekend 2,Techno
SHE THE DJ,Core,hosted by DJ Boring,12:30 - 14:30,28 July,2024,Sunday,Weekend 2,
Pretty Girl,Core,hosted by DJ Boring,14:30 - 16:30,28 July,2024,Sunday,Weekend 2,
Dino Lenny,Core,hosted by DJ Boring,16:30 - 18:00,28 July,2024,Sunday,Weekend 2,"Commercial Dance, Electronica, Progressive House, Techno, Traditional House"
DJ Boring,Core,hosted by DJ Boring,18:00 - 20:00,28 July,2024,Sunday,Weekend 2,"House, Techno"
HAAi,Core,hosted by DJ Boring,20:00 - 22:00,28 July,2024,Sunday,Weekend 2,Electronic
KI/KI,Core,hosted by DJ Boring,22:00 - 0:00,28 July,2024,Sunday,Weekend 2,
Kamalèon,House of Fortune,House of Fortune by JBL,13:00 - 14:00,28 July,2024,Sunday,Weekend 2,
Mairee,House of Fortune,House of Fortune by JBL,14:00 - 15:00,28 July,2024,Sunday,Weekend 2,
AdamK,House of Fortune,House of Fortune by JBL,15:00 - 16:00,28 July,2024,Sunday,Weekend 2,"Electronic, Dance"
Lovely Louis,House of Fortune,House of Fortune by JBL,16:00 - 17:00,28 July,2024,Sunday,Weekend 2,
FLOw,House of Fortune,House of Fortune by JBL,17:00 - 18:00,28 July,2024,Sunday,Weekend 2,
Jordi Ruz,House of Fortune,House of Fortune by JBL,18:00 - 19:00,28 July,2024,Sunday,Weekend 2,House
Yves V,House of Fortune,House of Fortune by JBL,19:00 - 20:00,28 July,2024,Sunday,Weekend 2,Progressive House
Nervo,House of Fortune,House of Fortune by JBL,20:00 - 21:00,28 July,2024,Sunday,Weekend 2,"Electro House, Progressive House"
Maddix,House of Fortune,House of Fortune by JBL,21:00 - 22:00,28 July,2024,Sunday,Weekend 2,
Daybreak Session: One World Radio Soundsystem,Mainstage,Mainstage,12:00 - 14:30,28 July,2024,Sunday,Weekend 2,
Blasterjaxx,Mainstage,Mainstage,14:30 - 15:30,28 July,2024,Sunday,Weekend 2,Commercial Dance
Regi b2b Mark With a K,Mainstage,Mainstage,15:30 - 16:30,28 July,2024,Sunday,Weekend 2,
Oguz,Mainstage,Mainstage,16:30 - 17:30,28 July,2024,Sunday,Weekend 2,Techno
Indira Paganotto,Mainstage,Mainstage,17:35 - 18:35,28 July,2024,Sunday,Weekend 2,Techno
Nervo,Mainstage,Mainstage,18:40 - 19:40,28 July,2024,Sunday,Weekend 2,"Electro House, Progressive House"
"Keinemusik (&ME, Adam Port, Rampa)",Mainstage,Mainstage,19:40 - 20:40,28 July,2024,Sunday,Weekend 2,
Boris Brejcha,Mainstage,Mainstage,20:40 - 21:40,28 July,2024,Sunday,Weekend 2,"Minimal, Techno"
Tiësto,Mainstage,Mainstage,21:45 - 22:45,28 July,2024,Sunday,Weekend 2,"Commercial Dance, Big Room"
David Guetta,Mainstage,Mainstage,22:50 - 23:50,28 July,2024,Sunday,Weekend 2,Electro House
DJ Jelle DK,Moosebar,Moosebar,12:00 - 13:00,28 July,2024,Sunday,Weekend 2,
Dorothee Vegas & Like Maarten,Moosebar,Moosebar,13:00 - 14:00,28 July,2024,Sunday,Weekend 2,"Dance, Party"
Jan V,Moosebar,Moosebar,14:00 - 15:00,28 July,2024,Sunday,Weekend 2,"Electronic, Techno"
The Bobmeister,Moosebar,Moosebar,15:00 - 16:00,28 July,2024,Sunday,Weekend 2,"Electronic, Dance"
Domi Re,Rise,Psygathering,12:30 - 14:00,28 July,2024,Sunday,Weekend 2,
Blazy,Rise,Psygathering,14:00 - 15:30,28 July,2024,Sunday,Weekend 2,
Firaga,Rise,Psygathering,15:30 - 16:30,28 July,2024,Sunday,Weekend 2,Psytrance
Fabio Fusco,Rise,Psygathering,16:30 - 18:00,28 July,2024,Sunday,Weekend 2,Psytrance
Somnia,Rise,Psygathering,18:00 - 19:30,28 July,2024,Sunday,Weekend 2,
WHITENO1SE,Rise,Psygathering,19:30 - 21:00,28 July,2024,Sunday,Weekend 2,Psytrance
Avalon,Rise,Psygathering,21:00 - 22:30,28 July,2024,Sunday,Weekend 2,Commercial Dance
Vegas,Rise,Psygathering,22:30 - 0:00,28 July,2024,Sunday,Weekend 2,"House, Techno"
Wanvel b2b Nathan Fix,Rave Cave,Rave Cave,12:00 - 14:00,28 July,2024,Sunday,Weekend 2,
Eridu,Rave Cave,Rave Cave,14:00 - 16:00,28 July,2024,Sunday,Weekend 2,
Kim Mathijs,Rave Cave,Rave Cave,16:00 - 18:00,28 July,2024,Sunday,Weekend 2,
DC Noises,Rave Cave,Rave Cave,18:00 - 20:00,28 July,2024,Sunday,Weekend 2,
Geheimzinnig Soundsystem,Rave Cave,Rave Cave,20:00 - 21:30,28 July,2024,Sunday,Weekend 2,
BAVR,Rave Cave,Rave Cave,21:30 - 23:00,28 July,2024,Sunday,Weekend 2,"Hardstyle, Rawstyle"
Goe Vur In Den Otto,Rave Cave,Rave Cave,23:00 - 0:00,28 July,2024,Sunday,Weekend 2,
Block & Crown,Library,Smash The House,12:00 - 13:00,28 July,2024,Sunday,Weekend 2,Commercial Dance
Moguai,Library,Smash The House,13:00 - 14:00,28 July,2024,Sunday,Weekend 2,"Electro House, Progressive House"
James Carter,Library,Smash The House,14:00 - 15:00,28 July,2024,Sunday,Weekend 2,
Viktor,Library,Smash The House,15:00 - 16:00,28 July,2024,Sunday,Weekend 2,
Sigala,Library,Smash The House,16:00 - 17:00,28 July,2024,Sunday,Weekend 2,Pop House
Maddix,Library,Smash The House,17:00 - 18:00,28 July,2024,Sunday,Weekend 2,
MATTN,Library,Smash The House,18:00 - 19:00,28 July,2024,Sunday,Weekend 2,"Commercial Dance, Traditional House"
Regard,Library,Smash The House,19:00 - 20:00,28 July,2024,Sunday,Weekend 2,"Tech House, Dance House"
Afrojack,Library,Smash The House,20:00 - 21:00,28 July,2024,Sunday,Weekend 2,"Electro House, Progressive House"
Dimitri Vegas & Like Mike,Library,Smash The House,21:00 - 22:00,28 July,2024,Sunday,Weekend 2,Electro House
Timmy Trumpet,Library,Smash The House,22:00 - 23:00,28 July,2024,Sunday,Weekend 2,Progressive House
Sako Glitch,Elixir,Team DAMP,13:00 - 14:00,28 July,2024,Sunday,Weekend 2,
DJ Cocki,Elixir,Team DAMP,14:00 - 15:00,28 July,2024,Sunday,Weekend 2,
Milinguap,Elixir,Team DAMP,15:00 - 16:00,28 July,2024,Sunday,Weekend 2,Techno
DJ Fasta,Elixir,Team DAMP,16:00 - 17:00,28 July,2024,Sunday,Weekend 2,
Soul Shakers,Elixir,Team DAMP,17:00 - 18:00,28 July,2024,Sunday,Weekend 2,"House, Disco"
J. Roots,Elixir,Team DAMP,18:00 - 19:00,28 July,2024,Sunday,Weekend 2,
Team DAMP,Elixir,Team DAMP,19:00 - 20:00,28 July,2024,Sunday,Weekend 2,"Electronic, Dance, House"
Karyo,Elixir,Team DAMP,20:00 - 21:00,28 July,2024,Sunday,Weekend 2,
Masai,Elixir,Team DAMP,21:00 - 22:00,28 July,2024,Sunday,Weekend 2,
Rebelion,Rose Garden,Team DAMP,22:00 - 23:00,28 July,2024,Sunday,Weekend 2,Hard Dance
22heures30,Elixir,Team DAMP,22:00 - 23:00,28 July,2024,Sunday,Weekend 2,
Abena,Elixir,Team DAMP,23:00 - 0:00,28 July,2024,Sunday,Weekend 2,
BassBrain,Rose Garden,Tweekamania,13:00 - 14:00,28 July,2024,Sunday,Weekend 2,Bass House
Lost Identity,Rose Garden,Tweekamania,14:00 - 15:00,28 July,2024,Sunday,Weekend 2,
Refuzion,Rose Garden,Tweekamania,15:00 - 16:00,28 July,2024,Sunday,Weekend 2,Hard Dance
Coone,Rose Garden,Tweekamania,16:00 - 17:00,28 July,2024,Sunday,Weekend 2,Hard Dance
Da Tweekaz,Rose Garden,Tweekamania,17:00 - 18:00,28 July,2024,Sunday,Weekend 2,Hardcore Techno
MANDY,Rose Garden,Tweekamania,18:00 - 19:00,28 July,2024,Sunday,Weekend 2,Hard Dance
Tweekacore,Rose Garden,Tweekamania,19:00 - 20:00,28 July,2024,Sunday,Weekend 2,
Mark with a K & Mc Chucky,Rose Garden,Tweekamania,20:00 - 21:00,28 July,2024,Sunday,Weekend 2,"Jumpstyle, Hardstyle"
Aversion,Rose Garden,Tweekamania,21:00 - 22:00,28 July,2024,Sunday,Weekend 2,
